Date,Open,High,Low,Close,Adj Close,Volume
1/2/2015,81.18,81.18,80.199997,80.209999,53.780407,96300
1/5/2015,81.470001,81.82,80.029999,80.290001,53.834034,147200
1/6/2015,80,80.150002,78.669998,79.040001,52.995922,140000
1/7/2015,80.860001,81.720001,80.629997,80.839996,54.202812,176400
1/8/2015,81.290001,81.860001,81.059998,81.519997,54.658749,213600
1/9/2015,80.529999,80.540001,79.279999,80.019997,53.653008,87300
1/12/2015,80.18,80.18,79.209999,79.529999,53.324463,224800
1/13/2015,81.18,81.660004,79.989998,80.900002,54.243046,258100
1/14/2015,79.760002,80.449997,79.019997,80.349998,53.874268,215000
1/15/2015,80.379997,81.220001,79.860001,80.010002,53.646305,143700
1/16/2015,79.800003,80.830002,79.690002,80.82,54.189407,251500
1/20/2015,79.629997,79.629997,78.839996,79.220001,53.116611,140400
1/21/2015,79.629997,81.029999,79.349998,80.650002,54.075424,141300
1/22/2015,81.330002,81.93,80.760002,81.739998,54.806252,231900
1/23/2015,81.790001,82.489998,81.510002,81.910004,54.920246,122500
1/26/2015,81.949997,82.07,81.230003,81.43,54.598412,103800
1/27/2015,79.790001,80.459999,79.410004,80.190002,53.766994,97400
1/28/2015,80.32,80.32,79.139999,79.169998,53.08308,159100
1/29/2015,79.989998,79.989998,78.709999,79.730003,53.458572,114300
1/30/2015,79.18,79.599998,78.18,79.209999,53.109901,145900
2/2/2015,79.190002,79.589996,78.739998,79.5,53.304344,114900
2/3/2015,79.949997,81.760002,79.949997,81.57,54.692272,168400
2/4/2015,82.669998,83.410004,81.599998,81.860001,54.886715,152500
2/5/2015,80.699997,81.160004,80.5,81.019997,54.323502,121400
2/6/2015,79.620003,79.769997,78.910004,79.040001,52.995922,169900
2/9/2015,79.059998,79.800003,79.029999,79.360001,53.210476,92600
2/10/2015,79.519997,79.720001,78.889999,79.190002,53.096504,83100
2/11/2015,78.849998,78.849998,78.150002,78.410004,52.573513,140600
2/12/2015,79.730003,80.139999,79.519997,79.800003,53.505501,95000
2/13/2015,80.099998,80.440002,79.989998,80.129997,53.726765,86900
2/17/2015,81.639999,83.769997,80.510002,83.120003,55.731541,266000
2/18/2015,83.919998,84.25,83.669998,83.800003,56.187473,124400
2/19/2015,83.190002,83.620003,82.68,82.760002,55.49017,140400
2/20/2015,83.080002,83.389999,82.620003,83.379997,55.905869,108100
2/23/2015,82.949997,82.949997,81.970001,82.230003,55.134804,150500
2/24/2015,83.029999,83.5,82.790001,83.089996,55.711426,82900
2/25/2015,83.25,83.459999,82.739998,82.989998,55.644379,98100
2/26/2015,84.089996,84.089996,83.18,83.269997,55.832108,110500
2/27/2015,83.339996,84.230003,83.269997,83.68,56.107025,125000
3/2/2015,83.629997,83.68,83.019997,83.120003,55.731541,118100
3/3/2015,82.550003,82.900002,82.330002,82.75,55.483452,140500
3/4/2015,81.459999,81.489998,80.720001,81.349998,54.544762,131800
3/5/2015,80.599998,80.690002,80.18,80.260002,53.813927,108100
3/6/2015,79.690002,79.82,78.650002,78.940002,52.928871,141500
3/9/2015,79.940002,79.940002,79.290001,79.389999,53.230587,109900
3/10/2015,78.5,78.5,77.769997,78.099998,52.365654,120400
3/11/2015,78.510002,78.540001,77.910004,78.199997,52.432701,97500
3/12/2015,79.190002,79.300003,78.25,78.43,52.586929,105500
3/13/2015,78.730003,78.790001,78.040001,78.669998,52.747845,85100
3/16/2015,78.989998,79.080002,77.769997,78.389999,52.560101,193300
3/17/2015,78.099998,78.779999,77.980003,78.650002,52.734428,146300
3/18/2015,79.120003,80.169998,78.580002,79.919998,53.58596,320500
3/19/2015,79.610001,79.629997,78.449997,78.910004,52.90876,306000
3/20/2015,79.839996,80.709999,79.839996,80.260002,53.813927,676300
3/23/2015,80.260002,80.260002,76.349998,76.93,51.581181,548800
3/24/2015,77.480003,77.709999,77.099998,77.330002,51.849365,299900
3/25/2015,77.419998,77.730003,76.730003,77.019997,51.641518,224000
3/26/2015,77.459999,77.639999,76.940002,77.199997,51.762211,349200
3/27/2015,77.919998,78.07,77.269997,77.410004,51.903015,197300
3/30/2015,78.349998,79.879997,78.349998,79.699997,53.438446,264300
3/31/2015,79.019997,80.089996,79.019997,79.690002,53.431751,155000
4/1/2015,80.019997,80.550003,79.900002,80.230003,53.793816,207600
4/2/2015,80.150002,80.559998,80.110001,80.199997,53.773697,114200
4/6/2015,80.639999,81.559998,80.639999,81.290001,54.504536,160800
4/7/2015,81.580002,82.169998,81.32,81.629997,54.732498,190200
4/8/2015,83.599998,84.900002,83.470001,84.610001,56.730579,296800
4/9/2015,85.489998,87.389999,85.489998,87.300003,58.534218,402900
4/10/2015,86.449997,87.269997,86.339996,86.970001,58.312958,203200
4/13/2015,88,88,86.639999,86.709999,58.138615,122900
4/14/2015,85.580002,86.370003,85.459999,86.190002,57.789967,131100
4/15/2015,87.25,88.220001,87.25,88.029999,59.023663,188300
4/16/2015,89.75,90.800003,89.57,90.57,60.726738,199200
4/17/2015,87.550003,88.849998,87.25,88.57,59.385738,194000
4/20/2015,88.190002,89.25,88.019997,88.589996,59.399143,215400
4/21/2015,89.970001,90.580002,89.879997,90,60.344543,152600
4/22/2015,90.660004,91.029999,90.230003,90.699997,60.813885,97100
4/23/2015,90.809998,91.440002,90.470001,91.139999,61.10891,126700
4/24/2015,91.779999,92,91.389999,91.730003,61.50452,101600
4/27/2015,94.019997,96.690002,94.019997,94.980003,63.683617,394600
4/28/2015,94.07,94.199997,93.080002,94.129997,63.113686,139400
4/29/2015,94.379997,96.459999,94.379997,96.410004,64.642426,230000
4/30/2015,94.010002,94.650002,93.620003,94.470001,63.341656,187500
5/1/2015,94.349998,95.440002,94.139999,94.879997,63.616558,189500
5/4/2015,94.900002,96.010002,94.900002,95.720001,64.179779,116500
5/5/2015,93.769997,94.269997,93.629997,94.139999,63.120396,160200
5/6/2015,93.449997,93.559998,91.559998,91.709999,61.491093,223000
5/7/2015,90.769997,91.260002,90.400002,90.830002,60.901062,277200
5/8/2015,91.690002,92.720001,91.349998,92.019997,61.698952,121400
5/11/2015,91.650002,91.809998,90.449997,90.470001,60.659664,198800
5/12/2015,89.089996,90.029999,88.699997,89.800003,60.210449,180700
5/13/2015,89.040001,89.309998,88.730003,89.010002,59.680763,157900
5/14/2015,89.190002,89.949997,89.190002,89.440002,59.969067,118800
5/15/2015,89.779999,90.709999,89.309998,90.559998,60.720016,145600
5/18/2015,88.360001,88.800003,88.029999,88.699997,59.472908,165300
5/19/2015,89.209999,89.209999,88.57,88.900002,59.606998,94800
5/20/2015,88.68,88.800003,88.220001,88.489998,59.332092,98000
5/21/2015,88.330002,88.480003,87.949997,88,59.003555,124500
5/22/2015,91.089996,91.43,90.919998,91.029999,61.03516,202700
5/26/2015,92.830002,93.050003,91.059998,91.620003,61.430744,246200
5/27/2015,91.580002,91.580002,90.779999,91.339996,61.243004,206800
5/28/2015,88.610001,89.059998,87.919998,88.639999,59.432678,218600
5/29/2015,88.120003,88.489998,87.57,87.669998,58.782288,133700
6/1/2015,87.93,88,87.089996,87.199997,58.467155,178600
6/2/2015,87.419998,87.900002,87.309998,87.519997,58.681717,113900
6/3/2015,87.339996,87.870003,87.07,87.480003,58.654903,92200
6/4/2015,86.970001,86.970001,85.32,86.309998,57.870422,246000
6/5/2015,84.220001,84.839996,83.730003,84.599998,56.723866,133200
6/8/2015,85.580002,86.169998,85.550003,85.620003,57.407776,105600
6/9/2015,83.239998,83.629997,83.230003,83.290001,57.024384,111400
6/10/2015,82.629997,83.139999,82.370003,82.519997,56.497204,192000
6/11/2015,82.639999,83.349998,82.519997,83.110001,56.901142,127800
6/12/2015,83.150002,83.57,83.07,83.230003,56.983303,63800
6/15/2015,82.239998,82.260002,81.519997,82.07,56.189102,136200
6/16/2015,80.949997,81.400002,80.449997,81.309998,55.668762,96600
6/17/2015,82.620003,82.879997,82.029999,82.540001,56.510887,113200
6/18/2015,83.660004,84.709999,83.660004,84.559998,57.893879,219800
6/19/2015,83.779999,84.43,83.709999,83.82,57.387234,164500
6/22/2015,84.860001,85.400002,84.739998,84.959999,58.167744,143900
6/23/2015,87.449997,88.599998,87.410004,88.389999,60.516087,234600
6/24/2015,88.349998,88.779999,87.760002,87.970001,60.228531,96300
6/25/2015,87.480003,87.709999,87.07,87.150002,59.667122,99300
6/26/2015,85.919998,86.190002,85.120003,85.449997,58.503208,116800
6/29/2015,84.300003,84.470001,83.5,83.519997,57.181843,113600
6/30/2015,85.629997,86.529999,85.449997,85.709999,58.681221,151600
7/1/2015,85.360001,85.900002,83.800003,84.169998,57.626865,253800
7/2/2015,84.639999,85.360001,84.209999,84.32,57.729565,113400
7/6/2015,83.660004,84.120003,82.669998,82.93,56.777905,155500
7/7/2015,80.389999,81.139999,78.480003,80.989998,55.44968,270300
7/8/2015,80,80.400002,78,78.440002,53.703831,421100
7/9/2015,79.550003,80,78.550003,78.599998,53.813374,182900
7/10/2015,80.410004,80.440002,79.400002,80.07,54.819805,108100
7/13/2015,80,80.410004,79.370003,79.550003,54.463787,91900
7/14/2015,78.699997,79.010002,78.550003,78.739998,53.909218,139100
7/15/2015,79.660004,80.050003,78.980003,79.129997,54.176231,136500
7/16/2015,79.709999,80.190002,79.709999,79.919998,54.717113,106900
7/17/2015,79.82,79.849998,79.150002,79.300003,54.292622,83200
7/20/2015,78.790001,78.93,78.120003,78.43,53.696987,119500
7/21/2015,78.709999,79.57,78.459999,78.620003,53.827068,130100
7/22/2015,77.959999,78.269997,77.620003,77.790001,53.258808,110400
7/23/2015,78.269997,78.339996,77.550003,77.82,53.279354,79500
7/24/2015,77.269997,77.269997,76.349998,76.629997,52.464615,97800
7/27/2015,73.989998,74.209999,73.199997,73.599998,50.390125,147000
7/28/2015,74.800003,75.529999,74.419998,75.370003,51.601955,132900
7/29/2015,75.68,77.160004,75.68,77,52.717934,186100
7/30/2015,76.050003,76.260002,75.629997,75.919998,51.978512,106800
7/31/2015,76,76,75.050003,75.209999,51.492409,60400
8/3/2015,74.529999,74.620003,73.879997,74.110001,50.7393,84000
8/4/2015,74.379997,74.669998,73.959999,74.400002,50.937855,89300
8/5/2015,75.400002,75.709999,74.519997,74.709999,51.150093,95200
8/6/2015,74.400002,74.589996,73.93,74.300003,50.869389,62600
8/7/2015,75,75.209999,74.169998,74.389999,50.931004,114000
8/10/2015,74.529999,75.68,74.529999,75.629997,51.779961,93300
8/11/2015,74.010002,74.209999,73.5,74.029999,50.684528,190100
8/12/2015,73.980003,74.690002,73.739998,74.690002,51.136398,103800
8/13/2015,74.910004,75.099998,74.510002,74.559998,51.04739,135600
8/14/2015,74.589996,74.889999,74.419998,74.639999,51.102161,81600
8/17/2015,73.860001,74.309998,73.690002,74.169998,50.78038,85000
8/18/2015,73.169998,73.510002,72.919998,73.190002,50.109421,106600
8/19/2015,72.040001,72.080002,70.559998,71.550003,48.986591,174500
8/20/2015,69.32,69.690002,68.730003,68.900002,47.172283,189800
8/21/2015,67.980003,68.220001,66.699997,66.699997,45.666058,143800
8/24/2015,63.369999,66.489998,63.290001,64.050003,43.851738,245700
8/25/2015,66,66.540001,63.540001,63.700001,43.61211,190300
8/26/2015,63.900002,64.580002,62.75,64.459999,44.132442,142200
8/27/2015,65.290001,67.510002,65.220001,67.269997,46.056305,239900
8/28/2015,66.970001,68.099998,66.970001,67.349998,46.111076,158800
8/31/2015,66.510002,68.260002,65.910004,67.360001,46.117928,159300
9/1/2015,64.419998,64.650002,63.34,63.580002,43.529961,218000
9/2/2015,64.150002,64.25,63.139999,64.07,43.865429,160500
9/3/2015,64.309998,65.559998,64.309998,64.779999,44.351532,192700
9/4/2015,61.689999,61.720001,60.700001,60.810001,41.63348,226000
9/8/2015,64.830002,66.489998,64.470001,65.300003,44.70755,729800
9/9/2015,68.75,69.550003,66.830002,66.889999,45.796143,813300
9/10/2015,67.080002,67.900002,66.690002,67.110001,45.946762,175600
9/11/2015,65.379997,65.580002,64.980003,65.459999,45.776131,157400
9/14/2015,65.5,65.709999,65.110001,65.5,45.804104,131200
9/15/2015,66.129997,66.919998,66.019997,66.769997,46.692211,190700
9/16/2015,67.940002,69.059998,67.82,68.989998,48.244659,145900
9/17/2015,67.860001,69.449997,67.730003,68.32,47.776131,151400
9/18/2015,66.760002,66.980003,65.769997,65.940002,47.080418,109600
9/21/2015,66.169998,66.82,65.709999,66.480003,47.465969,177900
9/22/2015,65.75,65.900002,64.849998,65.599998,46.83765,134700
9/23/2015,64.010002,64.160004,63.240002,63.349998,45.231182,154300
9/24/2015,62.139999,62.830002,61.540001,62.619999,44.709972,146400
9/25/2015,62.880001,62.880001,61.759998,61.869999,44.174477,119600
9/28/2015,61.5,61.5,60.389999,60.619999,43.28199,97300
9/29/2015,58.93,59.790001,58.139999,59.369999,42.389507,170700
9/30/2015,61.25,61.610001,60.669998,61.540001,43.938858,109700
10/1/2015,62,62.540001,61.459999,62.07,44.317272,177500
10/2/2015,61.84,63.970001,61.740002,63.970001,45.673851,127000
10/5/2015,65.199997,66.25,65.160004,66.110001,47.201786,144300
10/6/2015,66.07,66.989998,66.07,66.650002,47.587345,117800
10/7/2015,70.610001,71.050003,69.57,70.089996,50.043468,177300
10/8/2015,69.580002,71.209999,69.349998,71.139999,50.793148,169000
10/9/2015,71.07,71.07,69.690002,70,49.979206,122000
10/12/2015,72.32,72.400002,70.980003,71.099998,50.764595,129500
10/13/2015,71.300003,71.989998,70.599998,70.830002,50.571808,155100
10/14/2015,72.07,72.589996,71.480003,71.849998,51.300079,139800
10/15/2015,73.220001,73.769997,72,73.769997,52.670937,164900
10/16/2015,73.480003,74.129997,72.949997,73.879997,52.74947,147900
10/19/2015,74.459999,74.459999,73.389999,73.919998,52.778038,159400
10/20/2015,73.800003,74.419998,73.580002,73.93,52.785175,106000
10/21/2015,73.599998,73.699997,72.330002,72.480003,51.749905,116400
10/22/2015,72.610001,73.82,72.610001,73.720001,52.635239,110700
10/23/2015,75.410004,75.529999,74.639999,75.389999,53.827602,150800
10/26/2015,73.989998,73.989998,73.18,73.379997,52.392487,124600
10/27/2015,73.129997,73.32,72.610001,73.099998,52.19257,158200
10/28/2015,73.07,74.160004,72.110001,73.449997,52.442471,183400
10/29/2015,72.339996,72.559998,71.489998,72.25,51.585674,168000
10/30/2015,71.650002,72.610001,71.330002,72.080002,51.464306,120700
11/2/2015,71.57,72.639999,71.190002,72.360001,51.664219,144800
11/3/2015,72.419998,74.199997,72.400002,73.610001,52.556705,120900
11/4/2015,74.029999,74.18,72.790001,73.040001,52.149727,177700
11/5/2015,72.860001,73.410004,72.43,72.809998,51.985523,72300
11/6/2015,70.580002,70.970001,69.900002,70.769997,50.52898,86400
11/9/2015,70,70.230003,68.830002,69.269997,49.457989,150400
11/10/2015,68.75,68.860001,68.160004,68.529999,48.929642,121300
11/11/2015,68.290001,68.290001,66.870003,67.040001,47.865799,90400
11/12/2015,67.379997,68.779999,66.209999,67.389999,48.115692,157700
11/13/2015,65.300003,65.370003,64.089996,64.620003,46.137947,169300
11/16/2015,64.349998,65.940002,64.059998,65.879997,47.037575,160200
11/17/2015,64.849998,64.849998,63.860001,64.169998,45.81665,202700
11/18/2015,64.099998,64.830002,63.939999,64.68,46.18079,127700
11/19/2015,64.660004,65.529999,64.610001,65.080002,46.466385,103400
11/20/2015,64.989998,65.779999,64.730003,65.290001,46.616325,146800
11/23/2015,64.919998,65.370003,64.389999,64.5,46.052265,132700
11/24/2015,63.73,65.339996,63.709999,64.970001,46.387848,171100
11/25/2015,63.75,64.32,63.470001,64.010002,45.702412,167900
11/27/2015,61.759998,61.98,61.130001,61.610001,43.988838,101200
11/30/2015,61.450001,62.259998,61.299999,61.880001,44.181622,187200
12/1/2015,62.610001,63.25,62.509998,62.77,44.817066,145000
12/2/2015,62.75,63.049999,61.880001,62.169998,44.388672,127500
12/3/2015,62.099998,62.450001,61.52,61.66,44.024536,128100
12/4/2015,61.459999,62.080002,61.099998,61.759998,44.09594,133600
12/7/2015,60.349998,60.490002,58.360001,58.75,41.946827,193000
12/8/2015,57.709999,58.619999,57.360001,58.34,41.654102,119500
12/9/2015,58.419998,59.630001,58.119999,58.459999,41.739769,102900
12/10/2015,57.540001,57.880001,57,57.150002,40.804455,146800
12/11/2015,55.91,56.200001,55.470001,55.73,39.790585,163100
12/14/2015,55.869999,56.09,55.119999,55.91,39.919106,206000
12/15/2015,56.869999,58.220001,56.610001,57.82,41.282825,289100
12/16/2015,60.59,61.439999,59.740002,60.98,43.539024,250300
12/17/2015,61.09,61.09,59.439999,59.720001,42.6394,174700
12/18/2015,59.700001,60.080002,59.189999,59.740002,42.653687,197700
12/21/2015,59.75,59.82,58.919998,59.5,42.482323,191200
12/22/2015,59.759998,60.560001,59.560001,60.25,43.017815,189200
12/23/2015,62.59,63.639999,62.59,63.610001,45.416817,147300
12/24/2015,63.75,64.220001,63.630001,63.639999,45.438236,108300
12/28/2015,60.66,63.16,57.360001,61.09,43.617569,165500
12/29/2015,61.599998,61.84,61.099998,61.310001,43.774643,157600
12/30/2015,60.549999,61,60,60.040001,42.867874,136600
12/31/2015,59.779999,60.5,59.459999,59.98,42.825035,145100
1/4/2016,58.389999,58.630001,57.549999,58.380001,41.682652,240400
1/5/2016,58.509998,58.740002,58.099998,58.43,41.718353,83000
1/6/2016,56.619999,56.919998,55.810001,56.119999,40.069042,179600
1/7/2016,53.799999,55.419998,53.490002,53.709999,38.348331,222700
1/8/2016,55.470001,55.990002,54.43,54.48,38.898106,196800
1/11/2016,55.41,55.450001,53.950001,54.490002,38.905239,159500
1/12/2016,55.470001,55.639999,54,54.77,39.105156,168700
1/13/2016,55.27,55.959999,53.52,53.77,38.391167,134700
1/14/2016,53.810001,54.889999,53,54.810001,39.13372,190800
1/15/2016,50.52,51.029999,49.599998,50.610001,36.134964,223000
1/19/2016,53.130001,53.27,51.52,52.02,37.141689,196700
1/20/2016,49.639999,50.389999,48.279999,49.82,35.570919,177900
1/21/2016,50.919998,53,50.580002,52.220001,37.284489,185900
1/22/2016,54.43,54.849998,54.029999,54.779999,39.112297,138700
1/25/2016,54.43,54.970001,53.220001,53.389999,38.119854,120300
1/26/2016,53.32,54.66,52.860001,54.5,38.912373,168200
1/27/2016,53.59,55.169998,52.939999,53.880001,38.469707,183300
1/28/2016,54.369999,55.130001,53.720001,54.189999,38.691044,167100
1/29/2016,55.25,56.459999,54.98,56.310001,40.204697,179400
2/1/2016,54.709999,55.209999,54.43,54.91,39.205116,152900
2/2/2016,54.549999,54.599998,53.130001,53.360001,38.098434,191100
2/3/2016,54,55.950001,52.619999,55.799999,39.840565,163400
2/4/2016,56.110001,56.880001,55.16,55.759998,39.812004,225500
2/5/2016,55.869999,56.259998,54.619999,55.200001,39.412178,86500
2/8/2016,53.759998,54.23,52.509998,53.540001,38.226955,156200
2/9/2016,52.23,53.43,52.060001,52.91,37.777138,111000
2/10/2016,53.41,54.889999,53.27,53.540001,38.226955,94000
2/11/2016,51.040001,52.599998,50.950001,52.259998,37.313046,138000
2/12/2016,53.349998,55.040001,53.209999,55.009998,39.276512,99300
2/16/2016,56.029999,56.189999,55.290001,55.650002,39.733471,201900
2/17/2016,56.009998,57.619999,55.669998,57.310001,40.918694,193000
2/18/2016,57.189999,57.419998,56.209999,56.380001,40.254677,155300
2/19/2016,55.799999,56.150002,55.200001,56.139999,40.083324,157600
2/22/2016,56.939999,58.119999,56.939999,57.889999,41.332798,75700
2/23/2016,56.990002,57.240002,55.919998,56.130001,40.076187,100400
2/24/2016,54.43,56.07,53.740002,55.73,39.790585,146800
2/25/2016,54.790001,55.779999,54.380001,55.540001,39.65493,134200
2/26/2016,57.509998,58.07,57.009998,57.02,40.711639,112400
2/29/2016,56.990002,57.5,56.610001,56.869999,40.604534,96600
3/1/2016,58.759998,60.240002,58.639999,60.02,42.8536,154600
3/2/2016,60.900002,62.919998,60.59,62.689999,44.759949,213900
3/3/2016,61.599998,62.150002,61.310001,62.119999,44.352974,176600
3/4/2016,62.509998,64.120003,62.380001,63.869999,45.602455,140400
3/7/2016,63.290001,64.269997,63.200001,64.019997,45.709553,135300
3/8/2016,62.639999,62.68,61.560001,61.619999,43.995979,142900
3/9/2016,62.650002,63.380001,62.189999,62.580002,44.681408,111900
3/10/2016,63.07,63.169998,61.029999,62.110001,44.345833,98600
3/11/2016,63.549999,64.43,63.540001,64.339996,45.938026,117500
3/14/2016,62.93,63.009998,62.220001,62.57,44.674263,98300
3/15/2016,61.779999,62.82,61.330002,62.41,44.560032,109400
3/16/2016,61.610001,63.41,61.400002,63.330002,45.216904,92700
3/17/2016,62.5,64,62.139999,63.540001,45.366837,137100
3/18/2016,63.790001,64.260002,63.380001,63.48,45.323997,182700
3/21/2016,63.099998,63.349998,62.470001,62.740002,44.795654,111900
3/22/2016,61.84,62.639999,61.68,62.150002,44.374397,74200
3/23/2016,63.290001,63.380001,61.810001,61.810001,44.131638,135700
3/24/2016,60.43,61.380001,60.240002,61.34,43.796062,87300
3/28/2016,61.419998,61.939999,60.84,61.849998,44.160191,78400
3/29/2016,61.139999,63,60.669998,62.849998,44.874187,166400
3/30/2016,64.25,66.389999,64.120003,64.800003,46.266468,160400
3/31/2016,65.480003,66.059998,65.129997,65.150002,46.516361,157800
4/1/2016,64.089996,65.629997,64.07,65.349998,46.659153,89500
4/4/2016,65.449997,65.940002,63.93,64.190002,45.830933,83000
4/5/2016,63.259998,63.459999,62.740002,62.990002,44.974144,170100
4/6/2016,63.459999,65.199997,63.459999,65.190002,46.544918,205400
4/7/2016,64,64.059998,62.830002,63.18,45.109802,517200
4/8/2016,65.260002,65.889999,64.860001,65.040001,46.43782,223100
4/11/2016,66.339996,67,66.18,66.309998,47.344585,106700
4/12/2016,66.620003,68.040001,66.160004,67.699997,48.337029,118900
4/13/2016,69.919998,70.339996,69.239998,69.980003,49.964924,167900
4/14/2016,69.940002,69.989998,69.529999,69.879997,49.89352,103400
4/15/2016,67.910004,68.300003,67.709999,67.809998,48.415569,101100
4/18/2016,67.440002,69.160004,67.309998,68.889999,49.186676,121200
4/19/2016,68.879997,69.949997,68.519997,69.699997,49.765007,144100
4/20/2016,68.330002,70.080002,68.330002,69.389999,49.543671,104700
4/21/2016,70.25,70.629997,69.440002,70,49.979206,392800
4/22/2016,69.730003,70.580002,69.349998,69.82,49.850681,133100
4/25/2016,69.599998,69.599998,68.949997,69.300003,49.479416,122600
4/26/2016,70.599998,71.989998,70.510002,71.910004,51.342926,405900
4/27/2016,70.870003,72.309998,70.5,71.82,51.27866,217700
4/28/2016,71.650002,73.800003,71.650002,72.5,51.764172,182700
4/29/2016,71.260002,71.760002,69.879997,70.769997,50.52898,153400
5/2/2016,71.010002,71.010002,70.080002,70.480003,50.321926,112400
5/3/2016,69.120003,69.419998,68.269997,68.459999,48.879662,98700
5/4/2016,67.309998,67.720001,66.440002,67.089996,47.901497,189600
5/5/2016,67.400002,67.75,66.43,66.839996,47.722992,202400
5/6/2016,66.480003,67.650002,66.480003,67.18,47.965763,191400
5/9/2016,66.82,66.959999,65.43,65.949997,47.087547,161300
5/10/2016,66.629997,67.940002,66.510002,67.769997,48.387005,182800
5/11/2016,67.160004,67.720001,66.050003,66.900002,47.765842,131900
5/12/2016,67.07,67.230003,65.739998,66.169998,47.244629,109200
5/13/2016,65.739998,66.050003,64.610001,64.860001,46.309303,138200
5/16/2016,65.639999,67.25,65.639999,67.059998,47.880077,187800
5/17/2016,66.940002,67.150002,66.18,66.43,47.430264,149100
5/18/2016,66.410004,67.089996,65.489998,65.720001,46.923336,114200
5/19/2016,65.559998,65.879997,64.989998,65.529999,46.78767,88100
5/20/2016,66.379997,66.93,66.18,66.370003,47.387428,87400
5/23/2016,65.739998,65.919998,65.279999,65.389999,46.687717,85900
5/24/2016,65.589996,66.309998,65.589996,66.139999,47.223206,212000
5/25/2016,67.68,68.57,67.669998,68.190002,48.68689,111600
5/26/2016,68.830002,68.980003,68.330002,68.419998,48.851097,126700
5/27/2016,68.089996,68.279999,67.529999,68.150002,48.658329,84900
5/31/2016,68.239998,68.93,67.769997,68.25,48.729725,176000
6/1/2016,68.720001,69.620003,68.550003,69.389999,49.543671,214700
6/2/2016,69.059998,70.080002,69.050003,69.940002,49.936371,167800
6/3/2016,69.830002,70.029999,69.290001,69.629997,49.715027,72700
6/6/2016,70.199997,70.870003,69.879997,70.610001,50.414734,127300
6/7/2016,71.110001,71.580002,70.900002,71.5,51.050179,172700
6/8/2016,72.760002,73.379997,72.470001,73.059998,52.164013,167300
6/9/2016,72.230003,72.459999,72,72.25,51.585674,102800
6/10/2016,70.730003,70.860001,69.720001,70.089996,50.043468,126600
6/13/2016,69.040001,70.099998,68.739998,69.309998,49.486553,243100
6/14/2016,67.599998,67.870003,66.550003,67.470001,48.826557,125500
6/15/2016,68.25,69.25,68.150002,68.300003,49.427216,176400
6/16/2016,66.279999,67.370003,65.459999,67.089996,48.551559,246200
6/17/2016,67.059998,67.57,66.629997,67.279999,48.689056,166400
6/20/2016,68.970001,69.360001,68.529999,68.639999,49.673256,83200
6/21/2016,69.519997,70.379997,69.099998,70.120003,50.744297,93500
6/22/2016,70.800003,71.279999,70.269997,70.309998,50.881802,90700
6/23/2016,71.510002,72.25,71.339996,72.209999,52.256794,61800
6/24/2016,68.120003,68.919998,66.830002,67.040001,48.515377,93800
6/27/2016,67.489998,67.610001,66.419998,67.18,48.616692,180700
6/28/2016,69.220001,69.529999,68.57,69.5,50.295624,145700
6/29/2016,70.459999,71.589996,70.459999,71.269997,51.57653,71300
6/30/2016,71.739998,72.290001,71.330002,72,52.104816,229400
7/1/2016,72.360001,72.849998,72.07,72.550003,52.50285,133700
7/5/2016,70.879997,70.919998,69.75,70.160004,50.773254,67900
7/6/2016,69.239998,70.510002,68.75,70.459999,50.990356,113300
7/7/2016,70.690002,71.190002,69.489998,69.769997,50.491016,95800
7/8/2016,70.370003,71.129997,70.099998,70.860001,51.279831,89700
7/11/2016,72.110001,72.510002,71.959999,72.040001,52.13377,97900
7/12/2016,73.699997,74.589996,73.699997,74.309998,53.776508,159700
7/13/2016,74.339996,74.550003,73.580002,73.589996,53.25547,173800
7/14/2016,74.870003,75.510002,74.739998,75.059998,54.319271,100700
7/15/2016,74.970001,75.150002,74.459999,74.650002,54.022568,67800
7/18/2016,74.370003,75.260002,74.099998,75.209999,54.427826,57300
7/19/2016,73.970001,73.989998,73.230003,73.43,53.139683,111600
7/20/2016,73.339996,74.169998,73.300003,73.940002,53.508759,54600
7/21/2016,73.089996,73.160004,72.400002,72.580002,52.524555,80100
7/22/2016,72.839996,73.239998,72.650002,73.209999,52.980469,40000
7/25/2016,73.199997,73.199997,72.470001,72.480003,52.45219,63200
7/26/2016,73.550003,74.160004,73.550003,73.980003,53.537704,100400
7/27/2016,73.980003,74.199997,73.019997,73.580002,53.248226,62700
7/28/2016,72.739998,72.739998,71.949997,72.160004,52.220612,75000
7/29/2016,71.279999,72.089996,71.029999,71.809998,51.967312,121400
8/1/2016,71.769997,71.82,70.559998,70.690002,51.156799,88500
8/2/2016,70.82,71.099998,70.260002,70.940002,51.337723,85300
8/3/2016,70.760002,71.839996,70.709999,71.75,51.923901,105000
8/4/2016,71.489998,72.019997,71.300003,71.739998,51.91666,64100
8/5/2016,72.019997,72.169998,71.760002,72.120003,52.191673,109900
8/8/2016,71.879997,72.650002,71.599998,71.669998,51.866005,58700
8/9/2016,72.019997,72.489998,71.989998,72.169998,52.22784,169700
8/10/2016,72.199997,72.239998,71.300003,71.419998,51.685085,83800
8/11/2016,71.879997,72.330002,71.379997,72.160004,52.220612,69800
8/12/2016,72.010002,72.699997,72.010002,72.690002,52.604156,95800
8/15/2016,72.610001,72.980003,72.419998,72.870003,52.734421,150400
8/16/2016,73.07,73.629997,72.980003,73.410004,53.125206,50300
8/17/2016,73.360001,73.57,72.57,73.519997,53.204811,96100
8/18/2016,72.709999,73.169998,72.529999,73.129997,52.922577,74800
8/19/2016,72.260002,72.800003,72.019997,72.43,52.416,64100
8/22/2016,71.739998,71.779999,71.309998,71.489998,51.735737,69900
8/23/2016,72.050003,72.470001,71.790001,71.879997,52.017979,63500
8/24/2016,71.959999,72.07,71.599998,71.709999,51.894958,55100
8/25/2016,71.620003,72.050003,71.519997,71.599998,51.815342,126800
8/26/2016,72.230003,73.709999,71.260002,72.160004,52.220612,180900
8/29/2016,71.879997,72.57,71.879997,72.169998,52.22784,79200
8/30/2016,72.75,73.120003,72.419998,72.699997,52.611397,126800
8/31/2016,72.300003,72.309998,71.169998,71.370003,51.648899,151100
9/1/2016,71.440002,71.620003,70.800003,71.339996,51.62719,63400
9/2/2016,73.290001,73.870003,72.919998,73.370003,53.096264,327800
9/6/2016,73.720001,73.720001,72.989998,73.449997,53.154156,114400
9/7/2016,73.559998,73.629997,73.269997,73.489998,53.183102,92200
9/8/2016,72.300003,73.129997,72.169998,73.110001,53.773716,132800
9/9/2016,71.940002,71.940002,69.75,70.029999,51.50832,147300
9/12/2016,69.360001,71.160004,69.230003,70.650002,51.964348,115500
9/13/2016,69.25,69.410004,67.949997,68.379997,50.294712,123500
9/14/2016,68.370003,68.93,67.879997,68.099998,50.088768,96600
9/15/2016,68.360001,69.25,67.940002,68.940002,50.706615,68400
9/16/2016,68.360001,69.370003,67.900002,68.970001,50.72868,276800
9/19/2016,69.019997,69.830002,68.720001,69.110001,50.831646,222100
9/20/2016,69.18,69.449997,68.639999,68.639999,50.48595,59400
9/21/2016,69.68,70.699997,69.290001,70.639999,51.956989,71100
9/22/2016,71.230003,71.669998,71.059998,71.199997,52.368877,92900
9/23/2016,70.669998,70.940002,69.860001,70.050003,51.523041,85800
9/26/2016,69.330002,69.610001,68.849998,68.870003,50.655125,58000
9/27/2016,69.760002,70.25,69.650002,70.099998,51.559811,91700
9/28/2016,70.529999,71.779999,69.93,71.669998,52.714573,126500
9/29/2016,72.839996,73.559998,72.129997,72.410004,53.258862,182100
9/30/2016,73.720001,74.419998,73.300003,73.849998,54.318005,117800
10/3/2016,73.169998,73.919998,73,73.860001,54.325359,136400
10/4/2016,73.93,74.260002,73.029999,73.269997,53.891403,77400
10/5/2016,75,76.330002,74.629997,76.099998,55.972919,203200
10/6/2016,76.449997,77.389999,76.330002,77.160004,56.752571,151300
10/7/2016,76.529999,76.889999,75.699997,76.32,56.134731,72400
10/10/2016,76.75,77.93,76.75,77.470001,56.980583,70200
10/11/2016,75.419998,75.739998,74.68,75.110001,55.244751,111800
10/12/2016,74.57,75.32,74.309998,75.209999,55.318302,155000
10/13/2016,72.860001,73.989998,72.470001,73.830002,54.303299,130000
10/14/2016,74.400002,74.410004,73.790001,74.150002,54.53867,63800
10/17/2016,73.870003,74,73.580002,73.940002,54.384201,98300
10/18/2016,75.120003,75.260002,74.879997,75,55.163853,72100
10/19/2016,74.75,75.25,74.389999,75.019997,55.178558,54300
10/20/2016,75.110001,75.839996,74.769997,75.599998,55.605156,169900
10/21/2016,75.129997,75.580002,75.059998,75.389999,55.450699,72300
10/24/2016,76.389999,76.699997,75.870003,76.330002,56.142094,68100
10/25/2016,75.940002,76.089996,75.370003,75.529999,55.553673,52400
10/26/2016,74.25,74.769997,73.879997,74.610001,54.877003,87100
10/27/2016,73.089996,73.959999,72.879997,73.75,54.244461,137600
10/28/2016,73.239998,73.730003,72.529999,72.540001,53.354473,97300
10/31/2016,72.650002,72.93,72.290001,72.419998,53.266212,119400
11/1/2016,74.709999,74.769997,73.389999,73.849998,54.318005,119000
11/2/2016,73.269997,73.480003,72.169998,72.769997,53.523643,112700
11/3/2016,72.849998,73.209999,72,72.260002,53.148533,69800
11/4/2016,71.790001,71.980003,71.209999,71.400002,52.515991,78000
11/7/2016,73.400002,74.269997,73.400002,74.220001,54.590149,72800
11/8/2016,73.099998,74.43,72.75,73.550003,54.097351,107600
11/9/2016,71.239998,72.699997,71.050003,71.879997,52.869034,106700
11/10/2016,71.010002,71.110001,69.75,70.419998,51.795177,266400
11/11/2016,68.589996,69.669998,68.489998,69.25,50.93462,389000
11/14/2016,68.699997,69.139999,68.07,68.660004,50.500668,258400
11/15/2016,68.809998,70.019997,68.660004,69.830002,51.361229,288200
11/16/2016,68.269997,68.580002,67.870003,68.199997,50.162331,280900
11/17/2016,68.370003,68.699997,67.959999,68.120003,50.103489,120200
11/18/2016,68.120003,68.459999,67.82,68.349998,50.272659,69900
11/21/2016,68.779999,69.269997,68.610001,69.269997,50.949326,102100
11/22/2016,70.290001,70.660004,69.779999,70.370003,51.7584,89800
11/23/2016,69.93,70.370003,69.809998,70.07,51.537746,86400
11/25/2016,69.919998,69.93,69.470001,69.690002,51.258251,203900
11/28/2016,70.730003,70.879997,69.889999,69.989998,51.478912,295800
11/29/2016,69.730003,70.040001,69.32,69.709999,51.272957,81400
11/30/2016,70.809998,72.739998,70.75,72.199997,53.104401,186400
12/1/2016,71.82,72.419998,71.410004,71.559998,52.633667,141500
12/2/2016,70.900002,71.25,70.480003,70.919998,52.162933,150100
12/5/2016,71.080002,71.349998,70.660004,71.190002,52.361534,94400
12/6/2016,71.010002,71.459999,70.870003,71.169998,52.346817,76200
12/7/2016,71.779999,72.459999,71.550003,72.279999,53.163239,132200
12/8/2016,72.029999,72.889999,72.010002,72.620003,53.413319,79000
12/9/2016,71.57,72.029999,71.5,71.769997,52.78812,76000
12/12/2016,71.860001,72.010002,71.169998,71.620003,52.677795,95700
12/13/2016,72.800003,74.870003,72.720001,74.360001,54.693108,228800
12/14/2016,74.989998,75.419998,73.410004,73.599998,54.134121,96700
12/15/2016,73.050003,73.480003,72.57,73.209999,53.847275,67000
12/16/2016,73.300003,73.410004,72.589996,72.970001,53.670753,126500
12/19/2016,72.57,73.120003,72.220001,72.730003,53.494225,83500
12/20/2016,72.860001,72.959999,72.480003,72.699997,53.472157,53900
12/21/2016,72.970001,73.040001,72.610001,72.639999,53.428024,55600
12/22/2016,71.989998,72.25,71.510002,72.110001,53.038208,102900
12/23/2016,70.75,71.089996,70.599998,70.860001,52.118816,92900
12/27/2016,70.989998,71.379997,70.959999,71.330002,52.464504,75900
12/28/2016,71.220001,71.360001,70.809998,70.879997,52.133514,83500
12/29/2016,70.889999,71.25,70.760002,70.980003,52.207069,82500
12/30/2016,70.900002,71.199997,70.639999,71.019997,52.236477,78000
1/3/2017,72.160004,72.779999,71.650002,72.050003,52.994072,138100
1/4/2017,71.580002,72.370003,71.580002,71.919998,52.898449,97100
1/5/2017,73.57,74.440002,73.57,74.279999,54.634274,94400
1/6/2017,74.860001,74.980003,74.43,74.650002,54.906425,86400
1/9/2017,75.139999,75.379997,74.800003,74.800003,55.016743,89100
1/10/2017,75.720001,76.5,75.610001,75.800003,55.75227,87100
1/11/2017,75.540001,76.330002,74.629997,76.190002,56.03912,80000
1/12/2017,76.169998,76.769997,76.080002,76.540001,56.296539,107100
1/13/2017,78.160004,78.690002,77.690002,78.160004,57.488087,75400
1/17/2017,79.459999,79.720001,78.959999,79.260002,58.297157,88000
1/18/2017,79.169998,79.379997,78.870003,78.980003,58.091209,88100
1/19/2017,78.650002,78.660004,77.629997,78.010002,57.377762,93300
1/20/2017,78.550003,78.870003,78.150002,78.32,57.60577,53300
1/23/2017,78.339996,78.830002,78.309998,78.779999,57.944103,61800
1/24/2017,79.650002,80.410004,79.610001,80.010002,58.848801,110000
1/25/2017,80.860001,81.639999,80.82,81.620003,60.032978,156500
1/26/2017,81.07,81.379997,80.75,81.07,59.628437,135100
1/27/2017,80.510002,80.620003,80.050003,80.220001,59.003258,68900
1/30/2017,79.739998,79.75,79.269997,79.709999,58.628143,75300
1/31/2017,79.93,80.190002,79.540001,80.040001,58.870865,71700
2/1/2017,80.059998,80.080002,79.580002,79.860001,58.738472,259800
2/2/2017,79.940002,80.449997,79.860001,80.410004,59.143013,105400
2/3/2017,80,80.349998,79.690002,79.93,58.789955,79700
2/6/2017,79.75,79.830002,79.169998,79.190002,58.245667,36500
2/7/2017,78.589996,78.860001,78.059998,78.370003,57.642551,77700
2/8/2017,78.75,79.419998,78.129997,79.379997,58.385414,116300
2/9/2017,79.379997,79.379997,78.769997,78.919998,58.047077,83800
2/10/2017,79.419998,80.199997,79.419998,80.059998,58.885567,70700
2/13/2017,79.989998,80.330002,79.769997,80.129997,58.93705,60100
2/14/2017,79.290001,79.529999,78.639999,79.5,58.473675,51100
2/15/2017,79.07,79.07,78.43,78.82,57.973526,91700
2/16/2017,77.459999,77.860001,77.199997,77.489998,56.995293,100200
2/17/2017,77.199997,78.080002,77.110001,78.050003,57.407177,71600
2/21/2017,80.029999,80.209999,79.610001,80.199997,58.988537,58500
2/22/2017,79.559998,80.029999,79.389999,79.589996,58.539871,73500
2/23/2017,80.150002,80.150002,79.309998,79.470001,58.451618,79100
2/24/2017,78.209999,78.57,78.089996,78.160004,57.488087,71400
2/27/2017,77.93,77.93,77.639999,77.790001,57.215939,46800
2/28/2017,77.550003,77.730003,77.269997,77.57,57.054131,46100
3/1/2017,77.669998,78.279999,77.349998,78.18,57.502792,88300
3/2/2017,77.779999,77.779999,76.449997,76.459999,56.237705,91500
3/3/2017,76.910004,77.059998,76.68,76.849998,56.524548,38300
3/6/2017,76.900002,76.910004,76.470001,76.519997,56.281834,59900
3/7/2017,77.239998,77.790001,77.160004,77.370003,56.907032,83800
3/8/2017,78.150002,78.269997,76.620003,76.650002,56.377457,136800
3/9/2017,75.830002,75.949997,75,75.809998,55.759609,120600
3/10/2017,75.150002,75.370003,74.809998,74.949997,55.127075,124400
3/13/2017,75.620003,75.730003,75.440002,75.720001,55.69342,67000
3/14/2017,75.050003,75.050003,74.540001,74.860001,55.060879,82100
3/15/2017,75.019997,76.32,74.82,76.150002,56.009693,95400
3/16/2017,77.220001,77.300003,76.870003,77.139999,56.737858,66000
3/17/2017,77.129997,77.169998,76.639999,76.660004,56.384811,76000
3/20/2017,77.25,77.730003,77.220001,77.610001,57.083549,86000
3/21/2017,78.540001,78.940002,76.980003,77.019997,56.649593,98200
3/22/2017,77.339996,78.639999,77.339996,78.209999,57.52486,132600
3/23/2017,78.559998,79.139999,78.459999,78.75,57.922043,99400
3/24/2017,79.419998,79.720001,79.139999,79.190002,58.245667,83900
3/27/2017,79.519997,80.970001,79.510002,80.889999,59.496048,113500
3/28/2017,81,81.949997,80.779999,81.599998,60.018272,99000
3/29/2017,81.459999,82.370003,81.459999,82.290001,60.52578,118500
3/30/2017,81.959999,82.589996,81.959999,82.419998,60.621399,127500
3/31/2017,81.57,81.959999,81.440002,81.510002,59.952068,155600
4/3/2017,81.449997,81.830002,81,81.720001,60.106529,90200
4/4/2017,81.940002,82.470001,81.660004,82.190002,60.452229,61500
4/5/2017,82.900002,83.470001,82.510002,82.68,60.81263,95300
4/6/2017,83.260002,84.099998,83.220001,83.940002,61.739384,149900
4/7/2017,84.330002,84.879997,84.330002,84.5,62.151272,83700
4/10/2017,83.379997,83.919998,83.099998,83.849998,61.673183,133300
4/11/2017,82.839996,83,82.099998,82.769997,60.878826,249400
4/12/2017,82.5,82.849998,82.120003,82.480003,60.665531,128900
4/13/2017,82.660004,82.660004,81.639999,81.699997,60.091816,65900
4/17/2017,81.610001,82.339996,81.18,82.32,60.547848,80100
4/18/2017,81.029999,81.230003,80.830002,81.150002,59.68729,138000
4/19/2017,80.279999,80.389999,79.089996,79.290001,58.319221,147500
4/20/2017,80.410004,80.559998,80,80.5,59.209202,87900
4/21/2017,80.75,81,80.419998,80.839996,59.45927,127500
4/24/2017,81.550003,81.669998,81.239998,81.379997,59.856461,101300
4/25/2017,82.959999,83.160004,82.459999,82.900002,60.974457,171000
4/26/2017,82.660004,82.849998,82.230003,82.339996,60.562546,107600
4/27/2017,82.209999,82.239998,80.809998,81.5,59.944717,78300
4/28/2017,81.139999,81.620003,80.980003,81.370003,59.849102,115500
5/1/2017,81.699997,81.870003,81.18,81.580002,60.003548,86200
5/2/2017,80.809998,80.879997,80.339996,80.5,59.209202,104300
5/3/2017,80.489998,80.68,80.050003,80.410004,59.143013,62100
5/4/2017,80.029999,80.029999,78.699997,78.82,57.973526,103600
5/5/2017,78.400002,78.760002,77.620003,78.610001,57.819069,265900
5/8/2017,78.620003,78.849998,78.400002,78.589996,57.804352,91500
5/9/2017,79.470001,80.519997,79.470001,80.25,59.025318,74100
5/10/2017,80.389999,80.849998,79.919998,80.779999,59.415138,85400
5/11/2017,80.379997,80.489998,79.779999,80.300003,59.062096,81200
5/12/2017,80.43,81.129997,80.279999,80.919998,59.518108,119100
5/15/2017,82.760002,83.220001,82.709999,82.910004,60.981796,157100
5/16/2017,82.330002,82.330002,81.550003,81.879997,60.224209,117300
5/17/2017,81.519997,81.669998,80.360001,80.43,59.157711,103100
5/18/2017,80,80.970001,80,80.580002,59.268044,91700
5/19/2017,80.889999,81.620003,80.699997,81.449997,59.907944,132400
5/22/2017,81.239998,81.550003,81.150002,81.379997,59.856461,76600
5/23/2017,81.379997,81.379997,80.849998,81.330002,59.819675,64200
5/24/2017,80.959999,81.260002,80.779999,80.910004,59.510761,73000
5/25/2017,81.5,81.730003,80.93,80.970001,59.554901,87500
5/26/2017,81.93,82.529999,81.550003,82.489998,60.672878,127900
5/30/2017,81.870003,82.410004,81.870003,82.220001,60.474293,122600
5/31/2017,82.25,82.470001,81.959999,82.089996,60.378666,166900
6/1/2017,82.370003,83.059998,82.110001,82.900002,60.974457,149100
6/2/2017,82.580002,82.860001,82.290001,82.760002,60.871468,99300
6/5/2017,82.589996,82.889999,82.459999,82.620003,60.768497,132800
6/6/2017,82.419998,83.120003,82.260002,83.099998,61.12154,132100
6/7/2017,83.190002,83.599998,82.519997,82.779999,60.886173,87300
6/8/2017,83.010002,83.260002,82.699997,82.93,60.99651,56300
6/9/2017,82.949997,83.089996,82.089996,82.379997,60.591972,96600
6/12/2017,82.160004,82.239998,81.519997,81.989998,60.305119,108100
6/13/2017,82.330002,82.629997,82.209999,82.550003,60.717014,86000
6/14/2017,83.440002,83.440002,81.940002,81.949997,60.2757,95700
6/15/2017,81.389999,81.57,81.019997,81.43,59.893227,81800
6/16/2017,81.080002,81.199997,80.68,81.110001,59.65786,83300
6/19/2017,81.989998,82.190002,81.629997,82.099998,60.386028,96400
6/20/2017,81.059998,81.059998,80.639999,80.720001,59.37101,89900
6/21/2017,80.059998,80.080002,79.059998,79.349998,58.363354,110500
6/22/2017,79.839996,79.970001,79.360001,79.480003,58.458977,88800
6/23/2017,79.330002,79.699997,79.080002,79.629997,58.569298,78200
6/26/2017,79.589996,80.040001,79.25,79.940002,58.797318,126300
6/27/2017,79.860001,80.169998,78.660004,78.739998,57.91468,105200
6/28/2017,78.68,79.190002,78.209999,79.059998,58.15004,118000
6/29/2017,78.919998,79.050003,77.739998,78.160004,57.488087,100800
6/30/2017,78.559998,78.790001,78.099998,78.599998,57.811722,104400
7/3/2017,78.849998,78.980003,78.599998,78.68,57.870552,32700
7/5/2017,78.68,78.68,77.849998,78.269997,57.568989,85000
7/6/2017,78.260002,78.419998,77.57,77.650002,57.112968,139700
7/7/2017,77.849998,77.949997,77.160004,77.510002,57.009995,152400
7/10/2017,76.809998,77.739998,76.5,77.580002,57.061485,139300
7/11/2017,77.57,78.220001,77.379997,78.139999,57.473373,151200
7/12/2017,79.010002,79.32,78.620003,79,58.105923,117000
7/13/2017,79.209999,79.769997,79.110001,79.599998,58.54723,165300
7/14/2017,77.25,77.730003,77.040001,77.589996,58.894875,196100
7/17/2017,77.089996,77.379997,76.559998,76.660004,58.188961,155600
7/18/2017,76.849998,77.269997,76.629997,77.230003,58.62162,70000
7/19/2017,77.949997,78.690002,77.949997,78.190002,59.350307,133500
7/20/2017,78.040001,78.07,77.480003,77.629997,58.925243,72600
7/21/2017,77.440002,77.489998,76.769997,76.809998,58.302818,66300
7/24/2017,76.839996,76.900002,76.449997,76.68,58.20414,78100
7/25/2017,76.400002,76.489998,76.029999,76.029999,57.710754,121800
7/26/2017,76.809998,77.489998,76.790001,77.379997,58.735474,106700
7/27/2017,77.07,77.07,75.82,76.360001,57.96125,105400
7/28/2017,76.349998,76.559998,76.080002,76.5,58.067509,68500
7/31/2017,76.370003,76.389999,75.949997,76.190002,57.832207,90900
8/1/2017,76.910004,77.169998,76.629997,76.639999,58.173779,101800
8/2/2017,76.790001,76.800003,76.150002,76.389999,57.984016,129200
8/3/2017,76.120003,76.160004,75.690002,75.82,57.551361,86400
8/4/2017,75.82,75.970001,75.459999,75.900002,57.61208,87100
8/7/2017,75.32,75.760002,75.050003,75.709999,57.467861,93500
8/8/2017,76.199997,76.290001,75.690002,75.849998,57.574127,128600
8/9/2017,75.550003,75.550003,74.900002,75.550003,57.346416,111200
8/10/2017,75.209999,75.220001,73.599998,73.68,55.926994,151400
8/11/2017,74.410004,75.110001,74.410004,74.970001,56.906155,107600
8/14/2017,75.309998,75.43,74.779999,74.830002,56.799885,123000
8/15/2017,72.800003,73.18,72.279999,73.169998,55.539867,109600
8/16/2017,73.25,73.489998,72.889999,72.93,55.357693,85800
8/17/2017,72.349998,72.690002,71.959999,72.050003,54.689728,112300
8/18/2017,71.970001,73.010002,71.720001,72.760002,55.228653,170000
8/21/2017,73.230003,73.389999,73,73.339996,55.6689,108200
8/22/2017,73.68,74.129997,73.639999,73.870003,56.071201,95200
8/23/2017,73.800003,74.459999,73.800003,74.129997,56.268551,80200
8/24/2017,73.75,74.959999,73.43,74.93,56.875801,284700
8/25/2017,75.650002,75.879997,74.989998,75,56.928936,89900
8/28/2017,74.68,75.029999,74.410004,75.029999,56.951706,87000
8/29/2017,74.269997,75.709999,74.169998,75.139999,57.035194,293700
8/30/2017,75.949997,76.550003,75.57,75.900002,57.61208,276400
8/31/2017,76.610001,77.019997,76.510002,76.639999,58.173779,144200
9/1/2017,77.309998,77.769997,77.309998,77.620003,58.917648,94200
9/5/2017,77.330002,77.690002,76.720001,77.440002,58.781021,150600
9/6/2017,77.610001,78.139999,77.440002,77.540001,58.856926,180100
9/7/2017,77.809998,78.260002,77.639999,78.220001,59.373085,168000
9/8/2017,78.160004,78.970001,78.160004,78.349998,59.471756,232300
9/11/2017,78.5,80.290001,78.5,80.059998,60.76973,273200
9/12/2017,79.300003,79.75,79.300003,79.419998,60.283947,128200
9/13/2017,78.849998,79.18,78.330002,79.019997,59.98032,126700
9/14/2017,77.639999,78.400002,77.379997,78.220001,59.373085,198400
9/15/2017,78.25,78.540001,77.769997,78.459999,59.555252,254500
9/18/2017,76.910004,77.199997,76.559998,77.120003,59.687603,132900
9/19/2017,76.300003,76.339996,75.690002,76.040001,58.85173,211500
9/20/2017,76.07,76.290001,75.440002,76.080002,58.882683,171100
9/21/2017,75.989998,76.339996,75.730003,76.139999,58.929115,192900
9/22/2017,75.550003,75.800003,75.43,75.690002,58.580845,148000
9/25/2017,74.919998,75.099998,74.389999,74.720001,57.830105,225400
9/26/2017,75.540001,76.019997,75.360001,75.660004,58.557632,252800
9/27/2017,75.370003,75.379997,74.519997,75.110001,58.131939,208200
9/28/2017,74.129997,74.349998,73.809998,74.269997,57.481819,247100
9/29/2017,74.900002,75.940002,74.900002,75.760002,58.635017,146500
10/2/2017,75.849998,76.230003,75.709999,75.879997,58.72789,109100
10/3/2017,75.209999,75.650002,74.830002,75.389999,58.348652,174400
10/4/2017,75.150002,75.150002,74.779999,74.959999,58.015846,118700
10/5/2017,75.290001,76,75.040001,75.809998,58.673706,136200
10/6/2017,74.440002,74.529999,74.209999,74.379997,57.566956,149400
10/9/2017,74.5,74.730003,74.239998,74.459999,57.628876,108700
10/10/2017,74.75,75,74.360001,74.800003,57.892014,118300
10/11/2017,74.32,74.889999,74.309998,74.879997,57.953938,213000
10/12/2017,74.330002,74.529999,74.169998,74.339996,57.535999,186400
10/13/2017,74.900002,74.900002,74.349998,74.480003,57.64436,183600
10/16/2017,75.010002,75.809998,74.68,75.360001,58.325432,132400
10/17/2017,74.93,75.059998,74.459999,74.629997,57.760441,92200
10/18/2017,74.400002,74.68,74.099998,74.580002,57.721748,135300
10/19/2017,73.300003,73.57,73.029999,73.18,56.638206,166800
10/20/2017,73.489998,73.620003,73.25,73.419998,56.823959,94900
10/23/2017,73.389999,73.389999,72.489998,72.529999,56.135139,100400
10/24/2017,73,73.370003,72.989998,73.089996,56.568546,67400
10/25/2017,72.940002,73.099998,72.089996,72.720001,56.282188,117500
10/26/2017,72.75,72.900002,72.389999,72.449997,56.073212,88600
10/27/2017,72.75,73.209999,72.669998,72.959999,56.467937,125300
10/30/2017,73.709999,74.440002,73.709999,73.93,57.218674,150700
10/31/2017,74.040001,74.040001,73.57,73.639999,56.994232,172000
11/1/2017,73.75,74.379997,73.690002,73.809998,57.125797,141800
11/2/2017,74.209999,74.68,73.93,74.550003,57.698532,149700
11/3/2017,73.93,73.93,73.489998,73.580002,56.947788,113000
11/6/2017,73.480003,76,73.480003,75.540001,58.464748,403400
11/7/2017,76.360001,76.809998,76.25,76.660004,59.331581,232300
11/8/2017,75.300003,75.300003,74.669998,74.839996,57.922977,157800
11/9/2017,75,75.019997,74.639999,74.870003,57.946201,154900
11/10/2017,74.5,74.599998,74.220001,74.489998,57.652096,99600
11/13/2017,73.580002,73.769997,73.269997,73.519997,56.901356,90100
11/14/2017,72.510002,72.650002,71.639999,71.68,55.477272,180700
11/15/2017,70.959999,71.160004,70.580002,70.980003,54.935505,160100
11/16/2017,71.160004,71.230003,70.800003,71.029999,54.974201,159600
11/17/2017,70.610001,70.800003,70.209999,70.650002,54.680096,167600
11/20/2017,69.980003,70.290001,69.860001,70,54.177021,145500
11/21/2017,70.830002,71.169998,70.620003,70.809998,54.803928,146500
11/22/2017,71.699997,72,71.339996,71.980003,55.709457,103500
11/24/2017,72.809998,72.849998,72.459999,72.580002,56.17384,48400
11/27/2017,72.75,72.769997,72.269997,72.269997,55.933907,117100
11/28/2017,72.620003,72.800003,72.080002,72.290001,55.949383,175900
11/29/2017,71.980003,71.980003,71.239998,71.489998,55.330212,117200
11/30/2017,71.860001,72.309998,71.75,72.099998,55.802334,176500
12/1/2017,70.919998,71.330002,70.709999,70.919998,54.889061,190000
12/4/2017,71.709999,71.720001,70.970001,71.419998,55.276035,236700
12/5/2017,71.739998,71.919998,71.209999,71.290001,55.175426,99000
12/6/2017,70.199997,70.230003,69.599998,69.82,54.037704,181200
12/7/2017,70.199997,70.260002,69.910004,70.050003,54.215725,146800
12/8/2017,70.300003,71.260002,69.889999,70.93,54.896809,226700
12/11/2017,70.970001,71.32,70.779999,71.099998,55.028378,79200
12/12/2017,70.849998,70.989998,70.57,70.830002,54.819405,177500
12/13/2017,71.5,71.82,71.330002,71.629997,55.438572,115600
12/14/2017,71.139999,71.440002,70.959999,71.010002,54.958721,109600
12/15/2017,70.75,70.75,70.160004,70.339996,54.440166,157700
12/18/2017,70.660004,71.510002,70.440002,71.050003,54.989677,156000
12/19/2017,71.089996,71.419998,71.059998,71.239998,55.136734,99500
12/20/2017,71.739998,71.900002,71.389999,71.580002,55.399876,144800
12/21/2017,72.480003,73.540001,72.269997,73.269997,56.707863,143200
12/22/2017,73.620003,73.699997,73.32,73.43,56.831699,94300
12/26/2017,73.43,74.230003,73.43,74.059998,57.319294,67500
12/27/2017,73.989998,74.199997,73.480003,73.870003,57.172237,75000
12/28/2017,73.690002,73.800003,73.089996,73.300003,56.731083,87500
12/29/2017,73.610001,73.68,73.239998,73.370003,56.785263,68600
1/2/2018,75.449997,76.139999,75.139999,76.139999,58.929115,174500
1/3/2018,76.080002,76.720001,75.889999,76.660004,59.331581,119500
1/4/2018,78.5,79.230003,78.5,78.900002,61.065247,147400
1/5/2018,79.57,79.68,79.339996,79.580002,61.591537,178600
1/8/2018,79.580002,80.309998,79.349998,80.260002,62.117828,264600
1/9/2018,80.300003,80.860001,80.199997,80.610001,62.38871,167900
1/10/2018,81.389999,81.68,81.32,81.32,62.938221,124100
1/11/2018,81.809998,82.5,81.809998,82.309998,63.70443,144900
1/12/2018,83.239998,84.089996,83.139999,84.07,65.066605,125000
1/16/2018,83.540001,83.800003,82.800003,83.07,64.292648,198700
1/17/2018,83.139999,83.489998,82.900002,83.080002,64.300385,183100
1/18/2018,83.18,83.239998,82.800003,83.029999,64.261688,107400
1/19/2018,83.830002,83.989998,83.440002,83.970001,64.989204,119700
1/22/2018,83.550003,84.089996,83.279999,84.089996,65.082077,111100
1/23/2018,83.849998,84.190002,83.519997,84.190002,65.159477,141400
1/24/2018,87.900002,88.559998,87.360001,88.5,68.495232,231000
1/25/2018,89.139999,89.620003,88.839996,89.029999,68.905426,264700
1/26/2018,89.129997,89.68,88.82,89.669998,69.400764,207700
1/29/2018,89.239998,89.540001,88.599998,88.779999,68.711945,317000
1/30/2018,87.5,87.510002,85.459999,85.459999,66.142395,310300
1/31/2018,86.839996,87.019997,86.360001,86.849998,67.218208,289600
2/1/2018,85.839996,86.839996,85.82,86.669998,67.078888,252100
2/2/2018,88.339996,88.459999,86.370003,86.510002,66.955063,187100
2/5/2018,86.099998,86.099998,83,83.349998,64.509354,254700
2/6/2018,82.339996,85.5,82.300003,85.050003,65.825081,349200
2/7/2018,82.529999,82.870003,80.739998,80.739998,62.489326,317400
2/8/2018,81.419998,81.419998,77.559998,77.589996,60.051357,316000
2/9/2018,77.68,78.019997,74.980003,77.290001,59.819168,351700
2/12/2018,77.68,78.970001,77.610001,78.690002,60.902718,202400
2/13/2018,76.279999,77.379997,76.010002,77.129997,59.695335,251600
2/14/2018,77.370003,79.900002,77.330002,79.739998,61.71537,216800
2/15/2018,80.519997,80.809998,79.440002,80.730003,62.481586,190600
2/16/2018,80.580002,81.720001,80.580002,80.779999,62.520275,103200
2/20/2018,79.529999,79.82,78.919998,79.169998,61.274216,102900
2/21/2018,82.220001,83,81.769997,81.779999,63.294243,231600
2/22/2018,81.690002,82.019997,81,81.050003,62.729256,180600
2/23/2018,82.860001,83.489998,82.510002,83.440002,64.57901,134300
2/26/2018,84.059998,84.75,83.870003,84.550003,65.438103,109900
2/27/2018,83.489998,83.690002,81.309998,81.309998,62.930481,154500
2/28/2018,81.279999,81.389999,79.07,79.099998,61.220036,157100
3/1/2018,79.480003,80.519997,78.779999,79.589996,61.59927,174300
3/2/2018,78.209999,79.75,77.779999,79.739998,61.71537,112800
3/5/2018,78.169998,80.040001,78.169998,79.790001,61.754059,154100
3/6/2018,80.529999,80.660004,79.720001,79.800003,61.76181,99800
3/7/2018,79.18,79.580002,78.040001,78.379997,60.662781,195200
3/8/2018,81.860001,81.889999,80.459999,80.779999,62.520275,165200
3/9/2018,82.300003,82.300003,81.589996,82.220001,63.634785,210800
3/12/2018,82.349998,82.349998,80.650002,81.360001,62.969177,212100
3/13/2018,82.010002,82.300003,80.489998,80.68,62.442894,170300
3/14/2018,82.699997,82.779999,81.790001,82.230003,63.642525,205600
3/15/2018,82.43,82.669998,81.489998,81.809998,63.317451,187500
3/16/2018,81.889999,83.370003,81.830002,82.769997,64.060463,217100
3/19/2018,82.860001,83.139999,81.760002,82.019997,63.479988,131200
3/20/2018,84.43,84.900002,83.980003,84.339996,65.275574,165700
3/21/2018,85.290001,87.209999,85.059998,87.029999,67.357513,328400
3/22/2018,84.550003,85.050003,83.43,83.620003,64.718323,243800
3/23/2018,83.970001,84.459999,83.57,83.669998,64.757011,180800
3/26/2018,87.959999,88.580002,87.089996,88.580002,68.557152,347100
3/27/2018,88.129997,88.209999,85.860001,86.18,66.699654,210800
3/28/2018,86.019997,86.169998,85.239998,85.720001,66.343628,119700
3/29/2018,87.730003,88.870003,86.970001,88.480003,68.479759,211900
4/2/2018,88.419998,88.419998,85.720001,86.620003,67.040199,236500
4/3/2018,90.730003,91.57,90.18,91.339996,70.693268,353200
4/4/2018,88.93,91.230003,88.730003,91.150002,70.546219,224900
4/5/2018,91.150002,92.18,91.150002,91.610001,70.902252,142700
4/6/2018,91.760002,92.599998,90.389999,91.029999,70.453346,146200
4/9/2018,92.75,93.470001,92.059998,92.720001,71.761337,179900
4/10/2018,93.970001,95.989998,93.720001,95.540001,73.943901,355200
4/11/2018,94.709999,96.43,94.699997,96.050003,74.338623,228600
4/12/2018,94.989998,95.559998,94.760002,95.220001,73.69622,222000
4/13/2018,94.709999,95.040001,94.339996,94.839996,73.402115,130000
4/16/2018,93.93,94.099998,93.010002,93.669998,72.496582,158100
4/17/2018,93.57,95.25,93.57,95.010002,73.533691,145200
4/18/2018,96.220001,97.110001,95.900002,96.790001,74.911339,105400
4/19/2018,97.940002,97.940002,96.870003,97.529999,75.484077,171900
4/20/2018,95.290001,96.690002,95.160004,96.559998,74.73333,110400
4/23/2018,94.699997,96.050003,94.699997,96.040001,74.330879,236800
4/24/2018,96.860001,98,96.07,96.599998,74.76429,170800
4/25/2018,94.989998,95.629997,94.400002,95.629997,74.01355,126400
4/26/2018,96.879997,97.410004,95.760002,96.800003,74.919083,127500
4/27/2018,98.029999,98.129997,97.510002,97.75,75.654343,126700
4/30/2018,97.93,98.269997,97.449997,97.540001,75.491821,109000
5/1/2018,97.209999,97.209999,95.699997,96.849998,74.957787,136000
5/2/2018,97.050003,97.949997,97.010002,97.160004,75.197708,107300
5/3/2018,96.989998,98.089996,96.25,97.779999,75.677567,161300
5/4/2018,96.989998,97.989998,96,97.389999,75.375717,125700
5/7/2018,97.699997,98.220001,97.040001,97.269997,75.282837,133900
5/8/2018,97.68,98.209999,96.480003,98.160004,75.971664,158300
5/9/2018,100.050003,101.07,99.730003,101.010002,78.177444,190100
5/10/2018,101.519997,102.32,101.260002,102.209999,79.106194,155100
5/11/2018,103.57,103.57,102.75,103.080002,79.779533,109500
5/14/2018,103.910004,105.610001,103.720001,105.5,81.652504,209000
5/15/2018,104.400002,104.400002,102.260002,103.010002,79.725365,241000
5/16/2018,102.110001,102.93,102.110001,102.779999,79.547356,201400
5/17/2018,103.089996,103.160004,101.970001,102.080002,79.005585,104800
5/18/2018,103.410004,104.160004,103.209999,103.360001,79.996239,153500
5/21/2018,104.699997,104.809998,104.019997,104.040001,80.522537,176000
5/22/2018,104.459999,104.879997,103.879997,103.93,80.437401,169200
5/23/2018,99.040001,100.269997,98.349998,99.779999,77.225464,441400
5/24/2018,94.879997,94.989998,93.599998,94.220001,77.803513,254400
5/25/2018,92.360001,92.519997,91.470001,92.25,76.17675,252000
5/29/2018,92.419998,92.870003,91.43,92.029999,75.995079,183900
5/30/2018,92.980003,94.879997,92.449997,94.57,78.092529,166200
5/31/2018,97.739998,97.849998,96.870003,97.449997,80.470726,408300
6/1/2018,97.339996,97.879997,96.970001,97.18,80.247772,135400
6/4/2018,98,98.5,95.809998,96.620003,79.785347,328500
6/5/2018,94.559998,96.120003,94.559998,95.980003,79.256859,263500
6/6/2018,95.769997,96.269997,95.230003,96.199997,79.438522,146500
6/7/2018,96.720001,97.43,96.629997,97.230003,80.289063,161300
6/8/2018,95.360001,95.760002,94.779999,95.489998,78.852219,113700
6/11/2018,95.419998,96.110001,94.43,95.790001,79.099953,158000
6/12/2018,95.489998,96.129997,95.089996,95.360001,78.744881,84900
6/13/2018,95.260002,95.260002,94.419998,94.5,78.034729,103500
6/14/2018,93.639999,93.639999,93.080002,93.139999,76.911682,164000
6/15/2018,92.489998,92.489998,90.190002,90.599998,74.814247,162200
6/18/2018,90.389999,91.290001,90.349998,91.120003,75.243637,88300
6/19/2018,89.309998,90.169998,88.910004,89.870003,74.211441,149200
6/20/2018,91.510002,91.660004,90.900002,90.93,75.086739,138700
6/21/2018,90.269997,90.389999,89.339996,89.510002,73.914162,139200
6/22/2018,91.160004,92.050003,90.739998,91.889999,75.879478,149600
6/25/2018,88.860001,89.059998,87.879997,88.519997,73.096649,175400
6/26/2018,88.010002,89.389999,87.989998,89.330002,73.765526,169100
6/27/2018,89.029999,90.43,88.459999,88.739998,73.27832,179900
6/28/2018,88.830002,89.360001,88.400002,88.75,73.286568,211600
6/29/2018,89.639999,90.199997,89.389999,89.839996,74.186661,119400
7/2/2018,88.93,89.129997,88,88.339996,72.948006,99000
7/3/2018,88.949997,89.779999,88.559998,88.580002,73.146194,139900
7/5/2018,87.620003,87.989998,86.290001,86.489998,71.420349,151100
7/6/2018,86.779999,88.089996,86.540001,87.639999,72.369972,136100
7/9/2018,89.959999,90.110001,89.160004,90.110001,74.409615,201100
7/10/2018,90.57,91.150002,90.440002,91.019997,75.161057,131400
7/11/2018,89.580002,90,87.010002,87.75,72.460815,127500
7/12/2018,89.040001,89.629997,88.709999,89.410004,73.831581,107500
7/13/2018,90.050003,90.610001,89.699997,90.269997,74.541748,98200
7/16/2018,89.279999,89.309998,88.040001,88.68,73.228767,137000
7/17/2018,89.010002,90.419998,88.800003,89.980003,74.302269,145400
7/18/2018,89.550003,89.93,88.900002,89.839996,74.186661,102000
7/19/2018,89.760002,90.199997,89.269997,89.550003,73.947197,111500
7/20/2018,90.739998,92.099998,90.400002,91.790001,75.796906,153700
7/23/2018,91.650002,91.760002,90.220001,90.480003,74.715149,110100
7/24/2018,93.559998,95.239998,93.169998,93.690002,77.365852,231300
7/25/2018,93.639999,94.910004,93.07,94.699997,78.199867,126800
7/26/2018,94.080002,94.410004,93.870003,94.290001,77.861313,80500
7/27/2018,95.82,96,94.889999,95.230003,78.637535,136600
7/30/2018,96.330002,96.57,95.169998,95.360001,78.744881,164300
7/31/2018,96.129997,96.669998,95.519997,95.879997,79.174263,132900
8/1/2018,95.879997,95.980003,94.690002,95.379997,78.761391,152000
8/2/2018,93.360001,94.790001,92.900002,94.5,78.034729,131400
8/3/2018,94.5,94.709999,94.040001,94.309998,77.877823,57100
8/6/2018,93.790001,94.199997,93.459999,93.870003,77.514496,72000
8/7/2018,96.720001,97.120003,96.330002,96.389999,79.595421,93900
8/8/2018,96.260002,96.260002,95.080002,95.900002,79.190796,89700
8/9/2018,96.419998,96.760002,95.949997,96.32,79.537605,105400
8/10/2018,94.139999,94.309998,93.139999,93.5,77.208954,212600
8/13/2018,93.239998,93.239998,91.75,92.279999,76.201523,162800
8/14/2018,94.220001,94.279999,93.470001,93.550003,77.250252,114500
8/15/2018,92.07,92.07,90.099998,91.470001,75.532654,139200
8/16/2018,92.260002,92.470001,91.709999,91.779999,75.788643,120800
8/17/2018,91.660004,93.029999,91.050003,92.839996,76.663948,79800
8/20/2018,93.099998,93.57,93.089996,93.470001,77.184189,55000
8/21/2018,94.629997,94.959999,94.300003,94.709999,78.208138,95800
8/22/2018,95.779999,96.25,95.529999,96.040001,79.306404,89900
8/23/2018,94.839996,95.150002,94.440002,94.470001,78.009949,110600
8/24/2018,96,97.169998,95.919998,96.5,79.686256,130700
8/27/2018,101.279999,102,100.459999,100.900002,83.319618,183000
8/28/2018,101.279999,101.68,99.459999,99.739998,82.361732,141400
8/29/2018,100.870003,101.559998,100.620003,101.300003,83.649925,104400
8/30/2018,100.18,100.209999,98.75,99.029999,81.775429,170300
8/31/2018,99.510002,100.580002,98.389999,99.309998,82.006638,186300
9/4/2018,98.760002,99.690002,98.550003,99.559998,82.213097,190200
9/5/2018,94.400002,94.940002,93.589996,94.459999,79.883232,162100
9/6/2018,94.760002,95.290001,94.099998,95.019997,80.356812,192500
9/7/2018,94.269997,94.290001,92.93,93.709999,79.24897,193700
9/10/2018,94.769997,95.089996,94.18,94.809998,80.179222,138800
9/11/2018,94.709999,96.019997,94.349998,95.970001,81.16021,107000
9/12/2018,96,97.790001,95.910004,96.610001,81.701454,204800
9/13/2018,97.620003,98.099998,95.849998,96.769997,81.836754,303500
9/14/2018,96.139999,96.220001,95.019997,95.160004,80.475212,255200
9/17/2018,96.769997,97.160004,96.150002,96.290001,81.430824,112100
9/18/2018,97.410004,98.18,97.410004,97.830002,82.733185,94500
9/19/2018,99.5,100.360001,99.269997,99.779999,84.382271,140700
9/20/2018,99.809998,99.879997,98.029999,98.300003,83.130653,137300
9/21/2018,98.639999,98.730003,96.879997,97.129997,82.141205,167500
9/24/2018,97.129997,97.889999,97.040001,97.720001,82.64016,73000
9/25/2018,98.900002,99.269997,98.559998,98.57,83.358986,97200
9/26/2018,98.5,99.410004,98.279999,98.32,83.14756,176400
9/27/2018,98.540001,99.620003,98.43,99.419998,84.077812,148800
9/28/2018,99.879997,100.970001,99.82,100.440002,84.940414,139300
10/1/2018,101.279999,102.480003,100.870003,102.07,86.318886,108700
10/2/2018,97.739998,99.309998,97.739998,98.720001,83.485847,334200
10/3/2018,97.400002,98.139999,97.25,97.650002,82.580956,265900
10/4/2018,93.339996,93.400002,90.620003,91.57,77.439209,327800
10/5/2018,92.93,92.93,91.339996,91.599998,77.464577,301100
10/8/2018,89.239998,89.300003,87.879997,88.480003,74.82605,241700
10/9/2018,87.900002,88.190002,87.059998,87.370003,73.887344,213800
10/10/2018,86.93,86.93,84.18,84.209999,71.214973,213300
10/11/2018,85.660004,86.389999,84.080002,84.559998,71.510963,281600
10/12/2018,87.139999,87.139999,85.019997,85.919998,72.661095,254600
10/15/2018,86.440002,86.900002,85.529999,86.160004,72.864067,148000
10/16/2018,85.599998,86.529999,85.089996,86.370003,73.041656,340600
10/17/2018,86.120003,86.120003,84.339996,84.739998,71.663185,137400
10/18/2018,83.480003,83.480003,81.190002,81.309998,68.762497,341500
10/19/2018,83.099998,83.339996,82.209999,82.489998,69.760399,147900
10/22/2018,83.610001,83.830002,82.290001,82.910004,70.115593,150800
10/23/2018,80.199997,80.669998,79.5,80.099998,67.73922,188300
10/24/2018,82.410004,82.629997,79.440002,79.510002,67.240265,343300
10/25/2018,80.5,81.480003,80.099998,81.080002,68.567986,130900
10/26/2018,80.919998,82.589996,80.610001,82.080002,69.413673,153400
10/29/2018,82.519997,82.540001,78.959999,79.599998,67.316383,251600
10/30/2018,81.57,82.580002,79.599998,81.879997,69.244537,185100
10/31/2018,80.239998,81.470001,79.919998,80.660004,68.212807,222700
11/1/2018,81.959999,83.379997,81.300003,83.279999,70.428497,250200
11/2/2018,84.199997,84.199997,82.040001,82.639999,69.887253,257500
11/5/2018,85.830002,86,84.720001,85.75,72.517326,204500
11/6/2018,85.949997,86.849998,85.82,86.809998,73.413757,170300
11/7/2018,87.860001,88,86.779999,87.739998,74.200233,114800
11/8/2018,86.43,87.089996,85.389999,85.669998,72.449677,119800
11/9/2018,84.849998,85.089996,84.099998,84.830002,71.739304,86200
11/12/2018,85.080002,85.239998,83.989998,84.089996,71.113495,119100
11/13/2018,84.290001,84.440002,81.809998,82.059998,69.396759,233600
11/14/2018,84.360001,84.510002,82.769997,83.730003,70.809052,209600
11/15/2018,83.489998,85.559998,83.410004,85.010002,71.891525,181000
11/16/2018,85.029999,86.199997,84.790001,85.790001,72.551163,151700
11/19/2018,85.010002,85.519997,84.290001,84.870003,71.773132,351700
11/20/2018,83.860001,84.099998,81.959999,82.360001,69.650467,237000
11/21/2018,84.18,84.57,83.519997,84.029999,71.062752,232100
11/23/2018,81.209999,82,80.68,81.5,68.923172,141300
11/26/2018,83.160004,83.699997,82.620003,83.699997,70.783676,150400
11/27/2018,83.089996,83.419998,82.269997,83.25,70.40313,105300
11/28/2018,83.699997,84.769997,82.970001,84.459999,71.426399,191300
11/29/2018,84.739998,85.389999,84.349998,84.379997,71.358742,188000
11/30/2018,84.220001,85.349998,83.529999,85.339996,72.170601,185700
12/3/2018,87.949997,88.699997,87.190002,88.190002,74.580803,245700
12/4/2018,87.300003,87.959999,85.860001,86.370003,73.041656,193000
12/6/2018,84.620003,85.260002,82.620003,84.610001,71.553253,226600
12/7/2018,84.5,84.889999,82.269997,82.379997,69.667366,170700
12/10/2018,81.400002,82.07,80.720001,81.559998,68.973923,252800
12/11/2018,82.57,82.970001,81.040001,81.489998,68.914719,150700
12/12/2018,83.089996,83.589996,82.470001,82.489998,69.760399,158500
12/13/2018,82.779999,84.150002,82.669998,84,71.037384,167900
12/14/2018,82.970001,83.330002,82.18,82.400002,69.684288,216600
12/17/2018,82.300003,82.529999,80.639999,80.940002,68.4496,248200
12/18/2018,81.489998,81.980003,79.309998,79.360001,67.113419,240200
12/19/2018,78.400002,78.790001,76.480003,77.18,65.269821,281400
12/20/2018,76.769997,78.080002,76.459999,76.75,64.906181,181700
12/21/2018,75.860001,76.660004,75.419998,75.660004,63.984394,312500
12/24/2018,75.370003,75.690002,74.019997,74.309998,62.842709,164200
12/26/2018,74.110001,77.339996,74.07,77.339996,65.405128,236300
12/27/2018,73.779999,73.779999,71.709999,72.970001,61.709507,337300
12/28/2018,69.68,70.550003,69.019997,69.75,58.986401,388900
12/31/2018,70.900002,71.779999,70.269997,70.599998,59.705223,245500
1/2/2019,69.550003,71.779999,69.32,71.580002,60.534,356400
1/3/2019,71.589996,72.349998,71.169998,71.389999,60.373322,236800
1/4/2019,72.029999,73.089996,71.199997,72.720001,61.498077,352000
1/7/2019,73.019997,74.07,72.769997,73.269997,61.963203,187200
1/8/2019,74.57,75.269997,73.800003,74.870003,63.316299,318200
1/9/2019,77.010002,78.019997,76.559998,77.459999,65.506615,338800
1/10/2019,77.139999,77.800003,76.610001,77.540001,65.574272,222100
1/11/2019,77.080002,78.120003,77.040001,77.629997,65.650391,155600
1/14/2019,77,77.860001,76.75,77.209999,65.295197,181900
1/15/2019,77.849998,78.050003,77.25,77.910004,65.887177,240800
1/16/2019,78.540001,79.169998,78.400002,78.860001,66.690575,330300
1/17/2019,78.349998,79.650002,78.110001,79.110001,66.901993,279100
1/18/2019,79.440002,79.980003,79.050003,79.75,67.443237,217900
1/22/2019,78.440002,78.470001,77.389999,77.809998,65.802605,260200
1/23/2019,78,78.480003,77.660004,78.330002,66.242371,184200
1/24/2019,79.360001,80.330002,79.199997,79.800003,67.485527,417600
1/25/2019,80,81.260002,79.809998,80.849998,68.373474,145300
1/28/2019,80.610001,81.050003,80.169998,81,68.500328,298600
1/29/2019,82.139999,82.650002,81.779999,81.800003,69.17688,182700
1/30/2019,84.309998,84.690002,83.470001,84.449997,71.417946,217500
1/31/2019,84.25,84.300003,83.07,83.449997,70.572258,225400
2/1/2019,83.120003,84.120003,82.93,83.660004,70.749863,167200
2/4/2019,83.309998,83.889999,82.779999,83.769997,70.842873,92600
2/5/2019,83.940002,84.709999,83.870003,84.610001,71.553253,118600
2/6/2019,84.110001,84.349998,83.839996,84.059998,71.08812,83600
2/7/2019,83.57,83.800003,81.779999,82.830002,70.047943,168300
2/8/2019,83.730003,83.82,82.839996,83.68,70.766769,138500
2/11/2019,83.330002,83.370003,82.459999,82.900002,70.107132,103200
2/12/2019,83.839996,84.279999,83.150002,83.580002,70.68219,180100
2/13/2019,84.739998,85.410004,83.959999,84.129997,71.147324,216100
2/14/2019,84.160004,84.400002,83.290001,84.029999,71.062752,150000
2/15/2019,83.940002,84.43,83.699997,84.43,71.401024,110600
2/19/2019,85.129997,86.360001,85.099998,86.330002,73.007828,181300
2/20/2019,86.309998,87.169998,86.279999,86.519997,73.168495,103400
2/21/2019,86.480003,86.580002,85.629997,85.699997,72.475044,176400
2/22/2019,86.360001,86.599998,86,86.410004,73.075485,76200
2/25/2019,86.510002,86.889999,85.860001,86.209999,72.906342,128000
2/26/2019,85.989998,86.5,85.940002,86.139999,72.847137,138600
2/27/2019,86.309998,86.339996,85.529999,85.959999,72.694923,111900
2/28/2019,86.260002,86.400002,85.760002,85.800003,72.559616,130200
3/1/2019,86.339996,86.639999,85.360001,85.82,72.576523,168600
3/4/2019,86.349998,86.540001,84.75,85.989998,72.720291,180800
3/5/2019,85.709999,85.919998,84.970001,85.440002,72.255173,96700
3/6/2019,85.459999,85.720001,84.459999,84.779999,71.697014,101300
3/7/2019,84.620003,84.639999,83.190002,83.269997,70.420036,135200
3/8/2019,81.610001,81.940002,80.940002,81.919998,69.278366,103600
3/11/2019,82.400002,83.150002,82.269997,83.129997,70.301643,119100
3/12/2019,83.580002,84.419998,83.580002,84.160004,71.172699,172400
3/13/2019,84.370003,84.800003,84.139999,84.739998,71.663185,108600
3/14/2019,84.25,84.360001,83.739998,83.739998,70.817505,143400
3/15/2019,84.349998,85.730003,84.190002,85.080002,71.950722,123000
3/18/2019,85.330002,85.510002,84.940002,85.410004,72.229797,161100
3/19/2019,85.93,85.949997,85.339996,85.400002,72.221344,117600
3/20/2019,84.209999,85.379997,83.849998,85.089996,71.959183,193400
3/21/2019,84.120003,84.949997,84.120003,84.620003,71.561707,86100
3/22/2019,82.760002,83.019997,81.669998,81.949997,69.303734,114200
3/25/2019,80.650002,80.739998,79.720001,80.089996,67.730759,161200
3/26/2019,80.529999,80.989998,80.230003,80.68,68.229721,127500
3/27/2019,80.470001,80.470001,79.419998,79.690002,67.392494,127500
3/28/2019,79.709999,80.629997,79.57,80.269997,67.882988,149000
3/29/2019,80.059998,80.059998,79.07,79.5,67.231812,134700
4/1/2019,79.989998,80.940002,79.980003,80.940002,68.4496,103800
4/2/2019,81.139999,81.389999,80.43,80.599998,68.162064,109700
4/3/2019,80.650002,80.940002,79.699997,79.970001,67.629288,187200
4/4/2019,80.139999,80.489998,79.940002,80.220001,67.840706,108400
4/5/2019,80.809998,81.230003,80.529999,80.93,68.441139,293800
4/8/2019,80.989998,81.190002,80.75,81.050003,68.542618,129100
4/9/2019,80.25,80.400002,79.800003,79.839996,67.519341,168100
4/10/2019,79.720001,80.440002,79.57,80.139999,67.773048,184900
4/11/2019,80.050003,80.279999,79.470001,79.709999,67.409409,124700
4/12/2019,80.330002,80.330002,79.620003,79.769997,67.460144,120800
4/15/2019,78.75,78.849998,77.970001,78.25,66.174706,187600
4/16/2019,78.349998,78.709999,78.040001,78.610001,66.479149,120500
4/17/2019,78.989998,79.160004,78.459999,78.480003,66.369217,156300
4/18/2019,78.480003,78.480003,78,78.260002,66.183167,91100
4/22/2019,78.220001,78.419998,77.779999,78.389999,66.293106,117100
4/23/2019,78.059998,78.360001,77.760002,77.949997,65.920998,205600
4/24/2019,76.959999,77.220001,76.080002,76.139999,64.390305,141800
4/25/2019,76.080002,76.720001,76.050003,76.529999,64.720123,152400
4/26/2019,76.870003,76.870003,75.93,76.18,64.424149,105800
4/29/2019,76.379997,77.050003,76.029999,76.260002,64.491798,120400
4/30/2019,77.190002,77.190002,76.5,76.739998,64.89772,93500
5/1/2019,77.089996,77.099998,76,76,64.271919,98200
5/2/2019,76,76.300003,75.190002,75.43,63.789879,97700
5/3/2019,76.099998,76.790001,76.099998,76.510002,64.703217,127200
5/6/2019,75.110001,75.940002,74.790001,75.620003,63.950562,113300
5/7/2019,74.559998,74.589996,73.480003,73.889999,62.48753,182300
5/8/2019,73.529999,74.080002,73.260002,73.550003,62.200001,125900
5/9/2019,72.879997,73.690002,72.57,73.400002,62.073143,221000
5/10/2019,72.839996,73.18,72,72.900002,61.650307,289600
5/13/2019,72.080002,72.389999,71.150002,71.989998,60.880726,295400
5/14/2019,72.540001,73.480003,71.870003,72.18,61.041416,277500
5/15/2019,71.800003,72.339996,71.290001,72.089996,60.965302,130200
5/16/2019,72.669998,73.379997,72.610001,72.839996,61.599548,144700
5/17/2019,72.190002,72.440002,71.93,71.980003,60.872272,155000
5/20/2019,72.410004,73.07,72.410004,72.57,61.371227,182300
5/21/2019,72.889999,73.269997,72.709999,73.080002,61.802528,158000
5/22/2019,72.790001,72.790001,71.900002,71.989998,60.880726,111400
5/23/2019,71.230003,71.230003,70.07,70.440002,59.569927,361500
5/24/2019,71.110001,71.540001,70.839996,71.290001,60.28875,130600
5/28/2019,71.449997,71.82,70.809998,70.82,59.891285,216500
5/29/2019,70.699997,71.129997,70.150002,70.970001,60.018131,345500
5/30/2019,71.209999,71.379997,70.75,70.879997,59.942017,295000
5/31/2019,66.279999,66.370003,65.830002,66.110001,59.138718,277500
6/3/2019,66.419998,67.190002,66.410004,66.699997,59.666496,169900
6/4/2019,66.699997,66.870003,66.080002,66.769997,59.729115,126300
6/5/2019,66.089996,66.139999,65.300003,65.400002,58.503586,166300
6/6/2019,65.360001,65.650002,65.239998,65.519997,58.610924,128700
6/7/2019,65.809998,66.660004,65.809998,66.18,59.201336,141200
6/10/2019,66.339996,66.589996,65.879997,65.900002,58.950863,147500
6/11/2019,66.650002,66.769997,66.139999,66.25,59.263958,142000
6/12/2019,65.510002,65.57,64.43,64.599998,57.787945,179900
6/13/2019,65.040001,65.110001,64.589996,65.010002,58.154713,140200
6/14/2019,64.889999,65.040001,64.370003,64.400002,57.609032,118300
6/17/2019,64.370003,64.800003,64.330002,64.599998,57.787945,92400
6/18/2019,65,66.550003,65,66.150002,59.1745,181500
6/19/2019,66.410004,66.910004,66.410004,66.529999,59.514423,118800
6/20/2019,68.120003,68.540001,67.5,67.800003,60.650501,173700
6/21/2019,67.709999,68.349998,67.709999,68.290001,61.088837,161200
6/24/2019,67.940002,68.160004,67.660004,67.760002,60.614723,90300
6/25/2019,67.769997,68.029999,67.400002,67.400002,60.29269,159900
6/26/2019,68.110001,68.599998,67.889999,68.510002,61.285641,102800
6/27/2019,68.589996,68.639999,68.120003,68.169998,60.981483,77300
6/28/2019,68.239998,68.309998,67.839996,68.199997,61.008324,81400
7/1/2019,69.470001,69.629997,68.370003,68.43,61.214069,156200
7/2/2019,68.489998,68.489998,67.830002,67.839996,60.686291,99300
7/3/2019,67.540001,67.559998,67.279999,67.559998,60.435814,80000
7/5/2019,67,67.489998,66.699997,67.25,60.158501,157500
7/8/2019,66.449997,66.879997,66.010002,66.690002,59.657562,132400
7/9/2019,66.260002,66.330002,65.800003,66.330002,59.335518,168000
7/10/2019,66.480003,66.790001,65.870003,66.260002,59.2729,155900
7/11/2019,66.510002,66.690002,66.209999,66.5,59.487595,135700
7/12/2019,66.5,66.910004,66.360001,66.360001,59.362354,108100
7/15/2019,66.470001,66.68,66.330002,66.459999,59.451805,158000
7/16/2019,66.489998,66.660004,65.339996,65.519997,58.610924,236400
7/17/2019,65.57,65.599998,64.959999,64.980003,58.127876,277600
7/18/2019,65.199997,65.699997,65.099998,65.639999,58.718277,161100
7/19/2019,66.099998,66.790001,66.099998,66.290001,59.299736,173400
7/22/2019,66.160004,66.160004,65.639999,65.959999,59.004528,149000
7/23/2019,66.019997,66.150002,65.82,66.139999,59.165546,111700
7/24/2019,65.940002,66.040001,65.540001,65.559998,58.646713,91500
7/25/2019,65.989998,66.019997,65.080002,65.089996,58.226273,104000
7/26/2019,65.400002,65.580002,65.18,65.339996,58.449909,148300
7/29/2019,65.300003,65.300003,64.690002,64.970001,58.118931,135700
7/30/2019,64.830002,65,64.150002,64.790001,57.957912,191500
7/31/2019,64.699997,64.879997,63.919998,64.169998,57.403286,126100
8/1/2019,63.830002,64.620003,62.470001,62.790001,56.168812,228200
8/2/2019,62.48,62.689999,61.82,62.09,55.542625,241600
8/5/2019,61,61.099998,59.790001,60.290001,53.932434,282000
8/6/2019,61.099998,61.880001,60.080002,60.330002,53.968216,178600
8/7/2019,59.849998,60.369999,59.310001,60.330002,53.968216,178600
8/8/2019,60.5,60.959999,60.169998,60.91,54.487057,175200
8/9/2019,60.369999,60.540001,59.689999,60.119999,53.780357,122200
8/12/2019,59.419998,59.52,58.919998,59.119999,52.885807,224500
8/13/2019,58.75,60.32,58.25,59.900002,53.583557,208800
8/14/2019,58.880001,59.110001,58.27,58.330002,52.179115,163100
8/15/2019,58.799999,58.91,58.099998,58.509998,52.34013,216900
8/16/2019,58.900002,59.490002,58.540001,59.099998,52.867916,246000
8/19/2019,59.849998,60.029999,58.099998,59.91,53.592506,162500
8/20/2019,59.98,60.09,59.619999,59.66,53.36887,134800
8/21/2019,60.529999,60.650002,59.669998,59.810001,53.503048,108000
8/22/2019,59.5,59.630001,58.700001,58.91,52.697956,184900
8/23/2019,58.389999,59.290001,58,58.02,51.901806,191100
8/26/2019,58.220001,58.900002,57.709999,57.779999,51.687111,186600
8/27/2019,57.669998,57.959999,57.23,57.529999,51.46347,156300
8/28/2019,58.02,58.02,57.209999,57.32,51.27562,130900
8/29/2019,57.75,58.16,57.669998,57.889999,51.785511,131200
8/30/2019,58.400002,58.650002,57.950001,58.169998,52.035984,139900
9/3/2019,57.93,58.330002,57.669998,58.279999,52.134388,240700
9/4/2019,59.380001,59.5,59.060001,59.470001,53.198902,189100
9/5/2019,60.380001,60.959999,60.360001,60.439999,54.066616,240700
9/6/2019,58.73,59.23,58.619999,58.93,54.223038,186100
9/9/2019,59.41,60.080002,59.41,59.91,55.12476,173400
9/10/2019,60.330002,61.360001,60.330002,60.779999,55.92527,439300
9/11/2019,62.139999,62.759998,61.380001,61.619999,56.698174,278200
9/12/2019,61.810001,62.16,61.419998,61.689999,56.762585,251600
9/13/2019,62.880001,63,62.380001,62.860001,57.839134,256900
9/16/2019,64.099998,64.300003,63.689999,63.98,58.869671,267200
9/17/2019,61.740002,62.16,61.23,61.549999,56.633766,240400
9/18/2019,60.82,60.93,60.34,60.639999,55.796452,175700
9/19/2019,60.669998,61.099998,60.389999,60.389999,55.566418,152800
9/20/2019,60.380001,60.700001,60.139999,60.23,55.419201,180300
9/23/2019,60.43,60.630001,60.130001,60.380001,55.55722,118000
9/24/2019,60.189999,60.259998,59,59.080002,54.361057,153600
9/25/2019,59.330002,59.68,59.07,59.599998,54.83952,124300
9/26/2019,59.139999,59.139999,58.389999,58.689999,54.002205,128800
9/27/2019,58.639999,59.02,58.009998,58.200001,53.551346,172100
9/30/2019,58.77,59.419998,58.66,58.700001,54.01141,180500
10/1/2019,58.900002,58.93,58.209999,58.52,53.845787,139000
10/2/2019,58.599998,59.130001,58.470001,58.669998,53.983803,172300
10/3/2019,59.25,59.549999,58.849998,59.389999,54.646294,101500
10/4/2019,58.860001,58.990002,58.279999,58.650002,53.965401,141000
10/7/2019,58.470001,58.990002,58.25,58.27,53.615753,144300
10/8/2019,58,58.009998,57.330002,57.34,52.760036,206100
10/9/2019,58.150002,58.200001,57.82,57.860001,53.238503,233200
10/10/2019,57.990002,58.5,57.880001,58.48,53.808979,149800
10/11/2019,59.220001,60.209999,59.220001,59.880001,55.097157,131600
10/14/2019,59.599998,59.77,59.200001,59.279999,54.545078,135800
10/15/2019,59,59.66,59,59.110001,54.38866,115700
10/16/2019,58.75,59.130001,58.52,58.630001,53.946999,207100
10/17/2019,58.939999,59.189999,58.540001,58.720001,54.029808,274700
10/18/2019,58.599998,58.830002,58.400002,58.529999,53.854984,249300
10/21/2019,58.650002,58.91,58.540001,58.830002,54.131027,116000
10/22/2019,58.790001,59.439999,58.689999,59.209999,54.480671,160300
10/23/2019,58.77,59.110001,58.380001,59.080002,54.361057,261200
10/24/2019,59.25,59.419998,58.91,59.130001,54.407063,137700
10/25/2019,59.290001,59.75,59.290001,59.639999,54.876328,175800
10/28/2019,60.029999,60.380001,59.75,60.150002,55.345592,119400
10/29/2019,59.490002,59.540001,58.720001,59.09,54.370258,207000
10/30/2019,58.349998,58.43,57.490002,57.490002,52.898056,252400
10/31/2019,57.360001,57.5,56.279999,56.490002,51.977932,265500
11/1/2019,57.5,57.810001,57.349998,57.630001,53.026875,279000
11/4/2019,58.450001,58.889999,58.27,58.560001,53.882591,221500
11/5/2019,58.939999,59.540001,58.939999,59.369999,54.627892,152800
11/6/2019,59.849998,60,58.919998,59.02,54.305847,273100
11/7/2019,59.779999,60,59.669998,59.880001,55.097157,144300
11/8/2019,59.639999,59.779999,59.41,59.779999,55.005142,127400
11/11/2019,58.740002,58.950001,58.200001,58.73,54.039013,115800
11/12/2019,58.57,58.57,57.779999,57.799999,53.183292,187000
11/13/2019,57.310001,57.470001,56.919998,57.049999,52.493198,165500
11/14/2019,56.98,57.049999,56.34,56.599998,52.07914,167600
11/15/2019,56.68,57.07,56.650002,56.939999,52.391983,186600
11/18/2019,56.82,56.82,55.98,56,51.527065,181700
11/19/2019,56.279999,56.450001,56.049999,56.119999,51.637482,178700
11/20/2019,56.419998,56.950001,56.34,56.470001,51.959526,340900
11/21/2019,56.450001,57.009998,56.419998,56.990002,52.437992,186500
11/22/2019,56.759998,56.919998,56.220001,56.220001,51.729496,127100
11/25/2019,57.209999,57.669998,57.009998,57.599998,52.999268,168500
11/26/2019,57.380001,57.849998,57.130001,57.450001,52.861252,124900
11/27/2019,57.34,57.52,57.110001,57.330002,52.750835,133100
11/29/2019,56.299999,56.299999,55.630001,55.849998,51.389046,141100
12/2/2019,56.009998,56.34,56,56.080002,51.600681,137900
12/3/2019,55.799999,55.799999,54.939999,55.139999,50.73576,182100
12/4/2019,55.41,55.91,55.400002,55.740002,51.287838,173900
12/5/2019,55.669998,55.720001,55.330002,55.34,50.919785,138800
12/6/2019,55.650002,55.970001,55.529999,55.73,51.278629,199700
12/9/2019,55.740002,56.389999,55.740002,55.98,51.508663,150500
12/10/2019,56.27,56.43,55.639999,55.669998,51.223427,234900
12/11/2019,56.02,56.5,55.900002,56.32,51.821507,175000
12/12/2019,56.470001,57.549999,56.470001,57.549999,52.953262,255700
12/13/2019,57.599998,58.5,57.43,57.740002,53.128086,159800
12/16/2019,57.799999,58.16,57.639999,57.810001,53.192493,187000
12/17/2019,58.200001,59.009998,58.200001,58.779999,54.085014,200700
12/18/2019,59.150002,59.220001,58.93,59.02,54.305847,146400
12/19/2019,58.459999,58.720001,58.360001,58.5,53.827381,110000
12/20/2019,58.700001,59.080002,58.619999,58.990002,54.278244,155300
12/23/2019,59.119999,59.43,59,59.389999,54.646294,132800
12/24/2019,59.299999,59.48,59.220001,59.32,54.581882,73600
12/26/2019,59.369999,59.970001,59.360001,59.619999,54.857922,106100
12/27/2019,60,60.439999,59.849998,60,55.207573,169300
12/30/2019,60.09,60.490002,59.669998,59.68,54.913132,140700
12/31/2019,59.73,60.240002,59.700001,60.150002,55.345592,167400
1/2/2020,60.52,61.220001,60.240002,61.220001,56.330128,201100
1/3/2020,61.369999,61.68,61.16,61.52,56.606163,183000
1/6/2020,61.849998,62.220001,61.73,61.950001,57.00182,193600
1/7/2020,61.700001,61.799999,61.279999,61.66,56.734982,194000
1/8/2020,61.330002,61.400002,60.630001,60.77,55.916069,231100
1/9/2020,61.02,61.610001,60.66,61.599998,56.679771,249800
1/10/2020,61.299999,61.330002,60.610001,60.869999,56.008083,107800
1/13/2020,61.080002,61.080002,60.52,60.91,56.044888,179400
1/14/2020,60.380001,60.509998,60.049999,60.130001,55.32719,167100
1/15/2020,60,60.029999,59.700001,59.849998,55.06955,109600
1/16/2020,60.23,60.66,60.200001,60.419998,55.594021,114800
1/17/2020,60.810001,60.810001,60.529999,60.700001,55.851662,102800
1/21/2020,59.23,59.41,58.459999,58.509998,53.836582,259800
1/22/2020,58.950001,58.970001,58.02,58.18,53.53294,169600
1/23/2020,57.599998,57.98,57.02,57.77,53.155689,227900
1/24/2020,57.73,57.799999,56.84,57.16,52.594414,146200
1/27/2020,55.139999,55.689999,54.82,55.279999,50.864574,230600
1/28/2020,55.490002,56.09,55.16,55.5,51.067001,174400
1/29/2020,55.799999,55.900002,54.939999,55.23,50.818569,214500
1/30/2020,54.5,54.560001,53.84,54.540001,50.183685,278200
1/31/2020,53.380001,53.68,52.32,52.43,48.242218,291900
2/3/2020,52.139999,52.810001,51.720001,51.860001,47.717747,247500
2/4/2020,52.970001,53.150002,52.560001,52.75,48.536655,401400
2/5/2020,53.57,54.150002,53.57,53.799999,49.502789,225100
2/6/2020,54.75,54.84,54.139999,54.509998,50.156078,227200
2/7/2020,53.93,53.990002,53.27,53.630001,49.346371,137200
2/10/2020,53.700001,53.799999,53.43,53.709999,49.419975,146100
2/11/2020,54.5,54.639999,54.150002,54.41,50.064068,148600
2/12/2020,54.91,55.139999,54.810001,55.09,50.689751,248800
2/13/2020,54.509998,54.509998,53.900002,54.400002,50.054867,164500
2/14/2020,54.630001,54.740002,54.07,54.32,49.981255,98400
2/18/2020,53.900002,54.5,53.900002,54.299999,49.962852,157700
2/19/2020,54.560001,54.650002,54.189999,54.599998,50.238892,125400
2/20/2020,54.220001,54.529999,53.970001,54.040001,49.723621,111800
2/21/2020,53.959999,54.080002,53.41,53.900002,49.594803,204800
2/24/2020,52,52.450001,51.900002,52.139999,47.975376,172300
2/25/2020,52.279999,52.279999,51.099998,51.419998,47.312889,332300
2/26/2020,51.959999,52.509998,51.540001,51.75,47.616531,229900
2/27/2020,51.650002,52.41,51.139999,51.580002,47.460114,347100
2/28/2020,50.77,51.59,50.23,51.540001,47.423302,382500
3/2/2020,51.880001,52.709999,51.240002,52.669998,48.463043,317000
3/3/2020,52.060001,52.68,51.259998,51.740002,47.60733,222000
3/4/2020,51.91,52.220001,51.619999,52.07,47.910969,197800
3/5/2020,51.439999,51.610001,50.860001,51.25,47.156467,311900
3/6/2020,50.240002,50.5,49.060001,49.439999,45.491039,442300
3/9/2020,46.540001,47.490002,45.509998,46.830002,43.089512,1103800
3/10/2020,49,50.029999,48.509998,49.959999,45.969501,511300
3/11/2020,48.740002,49.080002,48.029999,48.330002,44.4697,317000
3/12/2020,44.98,45.560001,43.759998,45.060001,41.460888,538700
3/13/2020,48.110001,48.389999,45.009998,47.73,43.917622,667400
3/16/2020,44.709999,47.57,44.630001,45.73,42.07737,562200
3/17/2020,46.59,48.32,45.950001,46.860001,43.117115,620800
3/18/2020,44.419998,44.68,42.869999,44.389999,40.844398,606800
3/19/2020,42.400002,43.220001,41.310001,42.139999,38.774117,682400
3/20/2020,44,44.66,43.119999,43.220001,39.767853,289600
3/23/2020,43.34,44.450001,42.959999,43.93,40.421146,300800
3/24/2020,45.380001,45.669998,44.470001,45.09,41.488491,307400
3/25/2020,46.220001,48.049999,45.560001,47.139999,43.374748,294900
3/26/2020,47.09,47.799999,46.75,47.400002,43.613983,281800
3/27/2020,45.889999,46.689999,45.450001,45.509998,41.874943,406600
3/30/2020,46.389999,48.02,46.389999,47.66,43.853214,390100
3/31/2020,48.5,49.32,48.200001,48.700001,44.810146,223500
4/1/2020,46.02,48.57,45.849998,47.529999,43.733597,316500
4/2/2020,51.200001,53,50.630001,52.41,48.223812,527000
4/3/2020,51.57,51.700001,50.48,51.529999,47.414101,216500
4/6/2020,52.209999,52.209999,51.169998,51.669998,47.542919,239400
4/7/2020,52.84,52.84,50.709999,50.860001,46.797619,202400
4/8/2020,51.200001,51.509998,50.52,51.18,47.09206,175400
4/9/2020,51.75,51.959999,50.66,51,46.926434,258600
4/13/2020,51.919998,51.93,50.330002,51.790001,47.653336,359200
4/14/2020,51.919998,52.529999,51.549999,51.779999,47.644135,172800
4/15/2020,50.119999,50.169998,49.459999,49.77,45.794682,205400
4/16/2020,49.869999,50.009998,49.189999,49.380001,45.435833,271800
4/17/2020,49.5,50.470001,49.5,50.240002,46.227142,275100
4/20/2020,49.290001,50.299999,49.02,49.220001,45.288612,259600
4/21/2020,48.220001,48.630001,47.549999,48.400002,44.534111,234800
4/22/2020,49,49.810001,48.869999,49.029999,45.113789,294700
4/23/2020,49.560001,49.84,48.790001,48.849998,44.948162,159200
4/24/2020,48.849998,49.029999,48.07,48.700001,44.810146,151300
4/27/2020,49.029999,49.560001,48.48,49.400002,45.454235,158400
4/28/2020,50.5,50.5,49.189999,49.43,45.481838,235500
4/29/2020,51.259998,51.330002,50.07,51.02,46.944839,204100
4/30/2020,50.509998,50.790001,49.450001,49.68,45.711868,175100
5/1/2020,49,49.009998,48,48.139999,44.294872,329700
5/4/2020,47.220001,47.799999,46.169998,46.470001,42.758263,354500
5/5/2020,47.259998,47.790001,47,47.27,43.494366,172000
5/6/2020,47.450001,47.52,46.689999,46.869999,43.126312,134200
5/7/2020,47.209999,47.779999,46.900002,47.080002,43.319542,104100
5/8/2020,47.77,48.110001,47.5,48.009998,44.175255,118200
5/11/2020,47.970001,48.349998,47.919998,48.240002,44.38689,135000
5/12/2020,48.16,48.16,47.040001,47.040001,43.282738,105700
5/13/2020,47.450001,47.450001,46.07,46.290001,42.592644,159800
5/14/2020,45.880001,46.139999,45.099998,46.049999,42.371811,160400
5/15/2020,45.849998,45.849998,45.009998,45.32,41.700119,165000
5/18/2020,47.689999,48.619999,47.57,48.32,44.460495,198200
5/19/2020,48.599998,48.599998,47.810001,47.810001,43.991234,184700
5/20/2020,48.25,49.09,48.25,48.439999,44.570911,265300
5/21/2020,47.400002,47.599998,46.849998,46.970001,43.218327,241800
5/22/2020,45,45.43,44.16,44.549999,40.991619,465300
5/26/2020,45.200001,45.73,45.009998,45.580002,41.939354,215600
5/27/2020,45.950001,45.950001,45.310001,45.52,41.884144,226000
5/28/2020,46.400002,47.43,46.130001,46.93,43.181522,333900
5/29/2020,47.049999,47.630001,46.509998,47.529999,43.733597,306200
6/1/2020,45.439999,45.439999,44.560001,44.889999,43.782364,363500
6/2/2020,44.73,45.330002,44.52,45.23,44.113976,277900
6/3/2020,45.799999,46.599998,45.799999,46.540001,45.391655,254000
6/4/2020,45.650002,45.759998,45.369999,45.57,44.445587,239200
6/5/2020,46.73,47.380001,46.709999,47.32,46.152405,267600
6/8/2020,47.150002,47.27,46.400002,46.970001,45.811043,236400
6/9/2020,47.169998,47.48,46.91,47.439999,46.269444,180000
6/10/2020,46.740002,46.740002,46.099998,46.34,45.196587,174900
6/11/2020,44.470001,45.169998,43.84,43.849998,42.768024,247500
6/12/2020,44.580002,44.59,43.43,44.110001,43.02161,244300
6/15/2020,43.349998,44.09,43.049999,43.599998,42.524193,154800
6/16/2020,44.549999,45.029999,44.009998,44.23,43.138649,113200
6/17/2020,44.32,44.630001,44.009998,44.369999,43.275196,145000
6/18/2020,44.380001,44.380001,43.779999,44.080002,42.992355,142500
6/19/2020,44.639999,44.639999,43.82,44.009998,42.924076,177900
6/22/2020,43.900002,44.27,43.779999,44.119999,43.031364,118000
6/23/2020,44.02,44.169998,43.779999,43.779999,42.699753,207900
6/24/2020,43.220001,43.369999,42.540001,42.810001,41.753689,195200
6/25/2020,42.720001,43.169998,42.380001,43.16,42.095051,117900
6/26/2020,42.740002,42.740002,41.98,42.380001,41.334301,132900
6/29/2020,42.48,42.799999,42.34,42.57,41.519611,147100
6/30/2020,41.880001,42.02,41.299999,41.959999,40.92466,275200
7/1/2020,41.950001,42.360001,41.82,41.830002,40.797871,101900
7/2/2020,42.330002,43.299999,42.200001,43.169998,42.104805,188800
7/6/2020,44.689999,45.779999,44.689999,45.779999,44.650406,205500
7/7/2020,44.48,44.77,44.029999,44.139999,43.050869,160400
7/8/2020,44.59,45.310001,44.279999,45.200001,44.084717,357100
7/9/2020,45,45.470001,44.290001,44.59,43.489769,215800
7/10/2020,44.119999,44.5,43.880001,44.349998,43.255688,103800
7/13/2020,44.240002,44.720001,43.959999,43.959999,42.875313,87800
7/14/2020,43.540001,44.290001,43.470001,44.209999,43.119144,117900
7/15/2020,43.799999,43.970001,43.549999,43.68,42.602222,153500
7/16/2020,43.049999,43.360001,42.73,43.049999,41.987766,81000
7/17/2020,42.830002,42.860001,42.5,42.580002,41.529366,93700
7/20/2020,42.869999,42.970001,42.610001,42.889999,41.831715,172400
7/21/2020,42.889999,43.619999,42.889999,43.09,42.026779,226700
7/22/2020,44.099998,45.07,43.959999,45.049999,43.938416,234600
7/23/2020,44.529999,45.689999,44.09,45.470001,44.348057,440800
7/24/2020,44.700001,44.869999,44.290001,44.619999,43.519028,143200
7/27/2020,44.68,45.099998,44.669998,45.060001,43.948174,88200
7/28/2020,44.41,44.43,43.919998,43.950001,42.865559,115400
7/29/2020,44.240002,44.310001,43.98,44.259998,43.167908,78500
7/30/2020,43.619999,43.68,42.82,43.68,42.602222,159700
7/31/2020,42.880001,42.990002,42.139999,42.509998,41.46109,134200
8/3/2020,42.75,43.259998,42.75,43,41.938999,118200
8/4/2020,43.259998,44.02,43.259998,43.84,42.758274,147800
8/5/2020,44.639999,44.91,44.509998,44.66,43.558041,139600
8/6/2020,44.610001,44.970001,44.52,44.970001,43.860394,91300
8/7/2020,44.16,44.23,43.759998,43.990002,42.904575,127800
8/10/2020,44.040001,44.330002,43.849998,44.240002,43.148407,175300
8/11/2020,44.790001,45.119999,44.419998,44.450001,43.353222,111100
8/12/2020,44.759998,45.369999,44.759998,45.330002,44.21151,122000
8/13/2020,45,45.009998,44.639999,44.68,43.577549,66800
8/14/2020,44.939999,45.419998,44.740002,45.259998,44.143234,119600
8/17/2020,46.450001,46.84,46.380001,46.599998,45.450172,217200
8/18/2020,46.099998,46.099998,45.310001,45.43,44.30904,178700
8/19/2020,45.59,45.59,45.259998,45.27,44.152988,136000
8/20/2020,44.84,45.200001,44.669998,45.150002,44.035954,83500
8/21/2020,45.279999,45.330002,45.009998,45.150002,44.035954,101700
8/24/2020,45.75,46.09,45.689999,45.93,44.796703,142000
8/25/2020,45.709999,46,45.68,45.889999,44.75769,72700
8/26/2020,46.029999,46.490002,46.029999,46.200001,45.060043,78200
8/27/2020,45.099998,45.27,44.200001,44.560001,43.46051,181800
8/28/2020,44.860001,45.080002,44.669998,45.080002,43.967678,120200
8/31/2020,45.799999,46.09,45.669998,45.880001,44.74794,218600
9/1/2020,45.290001,45.290001,44.82,45.049999,43.938416,137200
9/2/2020,44.75,44.779999,44.27,44.43,43.333717,189500
9/3/2020,44.18,44.259998,43.369999,43.599998,42.524193,257300
9/4/2020,44.080002,44.290001,43.360001,43.959999,42.875313,168100
9/8/2020,44.099998,44.810001,44.029999,44.540001,43.441002,175900
9/9/2020,44.380001,44.5,44.029999,44.259998,43.167908,163200
9/10/2020,44.259998,44.330002,43.689999,43.799999,42.719261,102300
9/11/2020,44,44,43.509998,43.75,42.670494,114600
9/14/2020,43.720001,43.720001,43.459999,43.48,42.407154,90100
9/15/2020,43.68,43.82,43.529999,43.619999,42.543701,67100
9/16/2020,43.639999,43.709999,43.299999,43.48,42.407154,176800
9/17/2020,43.200001,43.68,43.119999,43.5,42.426662,168500
9/18/2020,43.330002,43.34,42.860001,42.959999,41.899986,196900
9/21/2020,42.43,42.5,42,42.279999,41.236763,211700
9/22/2020,41.810001,41.98,41.450001,41.540001,40.515026,240400
9/23/2020,41.119999,41.119999,40.240002,40.470001,39.471428,300700
9/24/2020,39.990002,40.16,39.66,40,39.013023,173200
9/25/2020,40.209999,40.400002,39.98,40.389999,39.393398,222100
9/28/2020,40.91,40.950001,40.389999,40.549999,39.54945,273200
9/29/2020,40.41,40.41,39.939999,40.240002,39.247105,161100
9/30/2020,40.529999,40.720001,40.32,40.459999,39.461674,110800
10/1/2020,40.59,40.700001,40.150002,40.310001,39.315376,188700
10/2/2020,39.720001,40.25,39.720001,40.029999,39.042282,150400
10/5/2020,40.299999,40.810001,40.189999,40.810001,39.80304,181900
10/6/2020,41.209999,41.450001,40.82,40.849998,39.842049,110900
10/7/2020,41.02,41.09,40.779999,41.049999,40.037113,76700
10/8/2020,41.150002,41.43,41.060001,41.389999,40.368725,97300
10/9/2020,41.299999,41.299999,40.82,40.880001,39.871311,117100
10/12/2020,40.91,41.439999,40.880001,41.32,40.300453,135700
10/13/2020,41.360001,41.5,41.27,41.459999,40.436996,154300
10/14/2020,39.57,39.599998,39.07,39.169998,39.169998,222100
10/15/2020,38.700001,39,38.470001,38.970001,38.970001,126200
10/16/2020,38.830002,39.09,38.689999,38.830002,38.830002,102500
10/19/2020,38.91,39.049999,38.630001,38.66,38.66,167500
10/20/2020,38.5,38.509998,38.18,38.310001,38.310001,100500
10/21/2020,38.369999,38.580002,38.189999,38.200001,38.200001,86900
10/22/2020,38.57,39.009998,38.57,39.009998,39.009998,240500
10/23/2020,40.880001,41.290001,40.830002,41,41,195000
10/26/2020,40.529999,40.900002,40.369999,40.75,40.75,85100
10/27/2020,40.400002,40.639999,40.209999,40.580002,40.580002,85100
10/28/2020,39.18,39.18,38.580002,38.68,38.68,117900
10/29/2020,38.75,39.209999,38.599998,39.049999,39.049999,106800
10/30/2020,39.130001,39.330002,38.950001,39.330002,39.330002,147500
11/2/2020,40.119999,40.970001,39.93,40.779999,40.779999,160100
11/3/2020,41.02,41.650002,40.900002,41.59,41.59,134600
11/4/2020,41.060001,41.540001,40.549999,40.939999,40.939999,162900
11/5/2020,41.240002,41.450001,41.029999,41.240002,41.240002,136100
11/6/2020,41.360001,41.650002,41.209999,41.57,41.57,78300
11/9/2020,43.18,44.57,43.18,44.060001,44.060001,224700
11/10/2020,45.290001,46.330002,45.290001,46.099998,46.099998,218200
11/11/2020,47.099998,47.509998,46.619999,46.700001,46.700001,129100
11/12/2020,46.380001,46.48,45.599998,45.849998,45.849998,103400
11/13/2020,45.459999,45.639999,45.150002,45.57,45.57,115800
11/16/2020,46.52,46.919998,46.330002,46.869999,46.869999,121900
11/17/2020,46.439999,47.07,46.16,47.040001,47.040001,115200
11/18/2020,46.880001,46.880001,46.130001,46.23,46.23,150200
11/19/2020,45.869999,46.169998,45.73,46.049999,46.049999,287200
11/20/2020,45.470001,45.610001,45.099998,45.57,45.57,302300
11/23/2020,45.950001,46.68,45.849998,46.41,46.41,324300
11/24/2020,46.299999,47.040001,46.200001,46.720001,46.720001,304000
11/25/2020,46.75,47.580002,46.73,47.490002,47.490002,212000
11/27/2020,48.200001,48.799999,48.02,48.099998,48.099998,136000
11/30/2020,46.18,46.18,45,45.080002,45.080002,370000
12/1/2020,46,46.150002,45.57,45.639999,45.639999,170700
12/2/2020,46.59,47.419998,46.580002,47.18,47.18,117300
12/3/2020,47.150002,47.27,46.470001,46.560001,46.560001,121100
12/4/2020,46.009998,46.279999,45.900002,46.139999,46.139999,185300
12/7/2020,45.98,46.200001,45.82,45.91,45.91,229400
12/8/2020,44.27,44.27,43.900002,43.939999,43.939999,264500
12/9/2020,43.75,43.75,42.919998,43.130001,43.130001,267400
12/10/2020,43.110001,43.779999,43.060001,43.349998,43.349998,298300
12/11/2020,44.27,44.369999,43.880001,44.259998,44.259998,359700
12/14/2020,44.790001,44.790001,43.919998,44.099998,44.099998,203100
12/15/2020,44.299999,44.540001,44.049999,44.27,44.27,163300
12/16/2020,44.470001,45.209999,44.220001,44.389999,44.389999,272700
12/17/2020,44.509998,44.580002,43.990002,44.580002,44.580002,204600
12/18/2020,44.82,44.970001,44.610001,44.91,44.91,211100
12/21/2020,44.09,44.09,43.5,43.82,43.82,215500
12/22/2020,43.59,43.68,43.18,43.310001,43.310001,177300
12/23/2020,43.639999,43.869999,43.450001,43.700001,43.700001,312400
12/24/2020,44,44.630001,43.75,44.439999,44.439999,112900
12/28/2020,45.02,45.48,45.009998,45.16,45.16,214400
12/29/2020,45.32,45.459999,44.98,45.049999,45.049999,193800
12/30/2020,45.220001,45.52,45.150002,45.220001,45.220001,141900
12/31/2020,44.799999,44.880001,44.48,44.599998,44.599998,171500
